Nombre,Teléfono,Correo,Dirección,Marca,País,Código postal,Repuestos,Total,Token,Prueba,Notifica encargado,Día,Notifica gerente,Dominio,Envío,Código recepción,Email Correcto
Vernon Garrett,(231) 112-5947,mauris.molestie.pharetra@aol.edu,Ap #978-2455 In St.,Audi,Nigeria,25479,9,$79.26,NPG63BRS6RK,Yes,No,03/25/2022,No,aol,Internacional,25479NPG63BRS6RK,
Aiko Allison,1-283-566-3643,ad.litora.torquent@google.couk,285-172 Nisi Av.,Renault,Ukraine,985738,8,$34.39,SIS83HFS2QG,Yes,No,01/31/2022,No,google,Internacional,985738SIS83HFS2QG,
Orli Nolan,1-793-831-5687,dui@protonmail.com,441-9227 Senectus Road,Ferrari,Colombia,308900,1,$78.49,RYH12OMN7ES,No,Yes,04/07/2022,No,protonmail,Internacional,308900RYH12OMN7ES,
Rafael Weeks,1-730-836-7845,metus.urna@icloud.ca,838-7417 Nullam Avenue,Ford,Italy,Q42 6IC,2,$48.85,QDJ16YUR5FK,No,No,05/21/2023,,,,,
Kasimir Clements,(865) 456-6315,dapibus.id@yahoo.ca,"P.O. Box 146, 156 Aliquet. Av.",BMW,Spain,390446,5,$83.19,BMK12EDR6HQ,Yes,Yes,08/12/2022,Yes,yahoo,Internacional,390446BMK12EDR6HQ,
Prescott Howard,(631) 837-8322,est.nunc@yahoo.edu,4207 Malesuada Av.,Audi,Nigeria,274456,3,$77.43,PHL59BFP8EJ,Yes,No,12/26/2022,No,yahoo,Internacional,274456PHL59BFP8EJ,
Chandler Flynn,1-738-335-3282,tempor.diam@hotmail.couk,"Ap #147-5507 Nec, Road",Mazda,Peru,48184,4,$24.13,CIB68YCQ2CL,Yes,No,06/12/2023,No,hotmail,Internacional,48184CIB68YCQ2CL,
Rafael Riggs,(571) 486-8764,egestas@protonmail.org,"P.O. Box 983, 9742 Arcu Rd.",Audi,Ireland,894136,2,$69.48,FTL32LBB3DO,No,No,01/25/2022,No,protonmail,Internacional,894136FTL32LBB3DO,
Seth Mann,1-442-548-6803,aliquet.vel@protonmail.org,8537 Vulputate Ave,Volvo,Mexico,05659,7,$55.52,SNH86RDX5TE,No,Yes,03/05/2023,No,protonmail,Internacional,05659SNH86RDX5TE,
Fritz Richmond,1-334-734-6116,phasellus.elit.pede@hotmail.org,548-5074 Id Rd.,Honda,Turkey,271587,9,$1.20,TGO71MUK6FV,No,No,04/08/2022,No,hotmail,Internacional,271587TGO71MUK6FV,
Sigourney Sandoval,(882) 488-9473,justo.eu.arcu@protonmail.couk,"P.O. Box 334, 4288 Lorem Ave",Mazda,Chile,39660-59502,8,$11.63,OLK66PKB3UQ,No,Yes,12/24/2021,,,,,
Rudyard Walton,(209) 654-7214,lectus.pede@yahoo.couk,"P.O. Box 823, 6508 Sit Av.",Nissan,Chile,26967,5,$34.33,VSJ32SPW7HH,Yes,No,06/11/2022,No,yahoo,Internacional,26967VSJ32SPW7HH,
Chantale Lang,1-865-173-6156,proin.eget@google.ca,252-408 Faucibus Rd.,Honda,Austria,527432,5,$64.02,MRG72UMF2DK,Yes,Yes,05/02/2022,No,google,Internacional,527432MRG72UMF2DK,
Macon Sharpe,1-644-797-6173,fusce@icloud.ca,425-6259 Venenatis St.,BMW,China,47-264,0,$64.36,LVS98FCF3NK,Yes,Yes,01/24/2023,,,,,
Wylie Tate,(839) 712-2598,hendrerit.neque.in@protonmail.com,"P.O. Box 191, 7815 Nulla Road",Ferrari,Italy,3267,3,$43.94,VFD37GEA6FG,Yes,No,06/05/2023,No,protonmail,Internacional,3267VFD37GEA6FG,
Blaze Gates,1-462-842-0446,eget.metus.in@google.ca,8206 Eleifend Street,BMW,Pakistan,626182,8,$42.10,MJC59RDR8LK,No,Yes,10/03/2022,No,google,Internacional,626182MJC59RDR8LK,
Flavia Gallegos,(357) 661-9842,fringilla.est.mauris@protonmail.com,419-9712 Egestas Av.,Renault,New Zealand,1558,10,$5.64,EOD52VVZ1YF,No,No,01/30/2023,No,protonmail,Internacional,1558EOD52VVZ1YF,
Lev Galloway,1-348-905-6711,lorem@hotmail.edu,Ap #367-1731 Donec Street,Volkswagen,Nigeria,50349,1,$84.59,CRF44JTB7TF,Yes,Yes,12/23/2021,Yes,hotmail,Internacional,50349CRF44JTB7TF,
Erasmus Mcfadden,1-631-876-7123,ut.cursus@protonmail.org,693-3232 Vivamus Ave,Renault,Canada,3782,7,$20.07,QSU45QDI8DZ,No,No,04/25/2022,No,protonmail,Internacional,3782QSU45QDI8DZ,
Oren Cervantes,(733) 471-9138,diam.nunc@protonmail.com,Ap #680-1418 Sem Road,Nissan,India,787923,7,$92.12,LNM41WGK3RF,No,No,08/04/2023,Yes,protonmail,Internacional,787923LNM41WGK3RF,
Ferris Richardson,1-771-368-0344,ipsum.suspendisse@aol.net,"P.O. Box 416, 5073 Etiam Street",Renault,South Africa,522945,3,$27.21,JXO07KIC8BB,Yes,Yes,10/02/2021,No,aol,Internacional,522945JXO07KIC8BB,
Maile Pope,1-128-587-1410,vel@icloud.com,Ap #207-4763 Ultrices. Rd.,Nissan,Germany,94-623,9,$57.24,XFI82VLZ7KS,No,No,01/13/2022,,,,,
Felix Lopez,(654) 645-1785,a.neque@outlook.net,"P.O. Box 359, 7732 Dictum St.",Audi,Chile,2082,5,$24.04,TFQ56OBH8TU,Yes,Yes,02/10/2023,No,outlook,Internacional,2082TFQ56OBH8TU,
Ulla Roberson,(614) 954-2280,ut.nulla@protonmail.couk,"760 Consectetuer, St.",Audi,Vietnam,12-947,9,$24.50,TCT52DDE3CE,No,Yes,09/21/2023,,,,,
Clinton Stein,(701) 539-7335,felis.adipiscing@hotmail.com,"P.O. Box 863, 5257 Iaculis, Road",Ford,United States,77933-51618,7,$81.48,WQG92RJN4OS,No,No,01/06/2022,,,,,
Caldwell Hartman,(837) 640-5456,orci.consectetuer.euismod@protonmail.edu,201-6964 Vivamus Rd.,Ford,Italy,YD35 8OD,5,$56.04,SZH81MUY2PL,No,No,05/26/2022,,,,,
Amal Weiss,1-370-827-8418,aliquet.magna@yahoo.com,764-3243 Risus. Av.,Renault,United Kingdom,300258,5,$80.39,QIK94BMV8IL,No,No,01/16/2022,No,yahoo,Internacional,300258QIK94BMV8IL,
Kylee Hinton,1-828-693-8748,neque.sed@protonmail.ca,"9090 Eu, Ave",Audi,Australia,8838,7,$82.91,WJJ53QOK7BX,No,No,05/15/2023,Yes,protonmail,Internacional,8838WJJ53QOK7BX,
Delilah Rosario,(451) 835-7464,pellentesque.sed@icloud.com,Ap #483-1645 Risus Rd.,Nissan,Belgium,BH4 1CV,7,$41.17,DMK07QVQ4GB,No,No,03/13/2022,,,,,
Xandra Coleman,1-533-735-4663,massa@yahoo.ca,Ap #536-515 Semper Road,Volvo,South Korea,645825,0,$28.55,MML19NST7PF,No,Yes,01/02/2022,No,yahoo,Internacional,645825MML19NST7PF,
Kiona Burke,(105) 104-6654,felis.adipiscing.fringilla@aol.couk,Ap #813-4041 Curabitur St.,Renault,Mexico,7665,4,$30.25,SVJ75YSI6MI,No,Yes,08/11/2023,No,aol,Internacional,7665SVJ75YSI6MI,
Yoshi Singleton,1-314-322-1229,a@google.org,"P.O. Box 449, 156 Nulla. Avenue",Nissan,Pakistan,V0F 5JJ,3,$95.36,YDL74OHR1MQ,No,Yes,04/11/2023,,,,,
Fritz Lopez,1-163-672-2745,nec@protonmail.com,"P.O. Box 905, 1832 Donec St.",Mazda,Austria,42681,9,$44.05,WHK38WNN9EN,No,No,06/28/2022,No,protonmail,Internacional,42681WHK38WNN9EN,
Xena Lowery,(511) 656-3509,consectetuer@protonmail.couk,Ap #567-4107 Sed St.,Volvo,Italy,779618,7,$87.08,OMI43QOE6FU,Yes,No,09/15/2022,Yes,protonmail,Internacional,779618OMI43QOE6FU,
Penelope Cherry,1-889-257-8991,nec.imperdiet.nec@aol.edu,"822-2926 Placerat, Rd.",Mazda,United States,1484,9,$38.97,LVF00KOA2UI,Yes,No,01/11/2022,No,aol,Local,1484LVF00KOA2UI,
Olympia Nixon,1-676-334-4361,amet.lorem.semper@yahoo.ca,9120 Dui Rd.,BMW,Turkey,73137,3,$27.91,XJD82OBR6JH,Yes,Yes,03/08/2023,No,yahoo,Internacional,73137XJD82OBR6JH,
Steel Shields,1-295-571-6171,natoque@google.edu,Ap #783-2754 Morbi St.,Mazda,Pakistan,51171-520,4,$43.71,WSN74PHO3NA,Yes,No,11/13/2022,,,,,
Ishmael Peck,(768) 950-8744,et@google.couk,"P.O. Box 401, 4347 Mattis. Av.",Volkswagen,Singapore,27-25,5,$78.51,YGL13FBN6DL,No,Yes,01/13/2023,,,,,
Urielle Molina,1-392-215-6644,a@google.ca,"P.O. Box 217, 2060 Tincidunt. St.",Honda,Pakistan,67471,8,$77.41,IPU25NIL7DC,No,No,04/03/2023,No,google,Internacional,67471IPU25NIL7DC,
Pandora Hebert,1-642-669-3077,nunc@protonmail.couk,"P.O. Box 941, 2128 Magna Av.",Mercedes-Benz,Netherlands,26445,10,$87.27,BQI65JDA2WQ,Yes,Yes,09/16/2021,Yes,protonmail,Internacional,26445BQI65JDA2WQ,
Cheryl Gardner,(381) 582-4036,non.egestas@yahoo.com,966-5436 Sit Rd.,Mazda,Vietnam,2674,3,$4.89,LDN23ADK6NN,Yes,No,07/22/2022,No,yahoo,Internacional,2674LDN23ADK6NN,
Harding Hamilton,1-788-235-0825,risus.quis@icloud.couk,Ap #867-5813 Aliquam Ave,Audi,Belgium,4565,5,$99.96,KPT82WTE0QV,No,No,08/05/2023,Yes,icloud,Internacional,4565KPT82WTE0QV,
Malachi Cote,1-252-118-2245,adipiscing.elit.curabitur@protonmail.ca,112-7836 At St.,Mercedes-Benz,Australia,90404-549,10,$82.84,LFG14BQS0PC,No,No,07/27/2022,,,,,
Reece Ray,1-349-443-9722,penatibus.et@google.ca,1984 Amet Ave,Audi,Australia,32371,8,$87.05,MRA13CZK3NL,No,Yes,12/07/2022,Yes,google,Internacional,32371MRA13CZK3NL,
Reed Kane,1-190-133-8814,proin.non@google.ca,411-7383 Nibh. Rd.,Mercedes-Benz,Mexico,33198,1,$61.67,DGO17JYX1EN,Yes,Yes,10/25/2022,No,google,Internacional,33198DGO17JYX1EN,
Damon Wilkins,1-684-382-2676,mollis.nec@aol.net,"P.O. Box 688, 2661 Ultricies Avenue",Ferrari,United Kingdom,A7O 2MD,2,$89.42,VOA63MTT6HT,Yes,No,01/30/2023,,,,,
Mona Clay,(634) 861-0156,orci@google.net,"P.O. Box 141, 9820 Eu Rd.",Renault,Canada,50-624,1,$97.02,LNP35KGS8SQ,Yes,Yes,04/03/2023,,,,,
Emi Berry,(573) 647-3305,mauris.a.nunc@hotmail.org,"P.O. Box 817, 2423 Enim Street",Ferrari,Russian Federation,15510,8,$27.22,VKK01DHZ7OX,Yes,Yes,09/26/2023,No,hotmail,Internacional,15510VKK01DHZ7OX,
Tatum Fitzpatrick,1-228-532-9551,est.mollis@aol.org,321-6937 Nulla. Ave,BMW,New Zealand,43541-94761,5,$57.64,TDJ91LOJ8OO,Yes,Yes,11/12/2022,,,,,
Bert Williamson,1-425-754-5836,egestas@outlook.couk,Ap #576-4399 Nunc. Ave,Volvo,United Kingdom,171024,7,$49.13,NYU37ICI1FO,No,No,09/15/2021,No,outlook,Internacional,171024NYU37ICI1FO,
Rama Tran,1-583-925-1187,massa.mauris@google.ca,573-3418 Diam Avenue,Volkswagen,Pakistan,30601,9,$27.96,ULP28UYP4AW,No,No,08/08/2022,No,google,Internacional,30601ULP28UYP4AW,
Aquila Steele,1-175-455-1637,laoreet@protonmail.net,Ap #503-3830 Ipsum. St.,Audi,Brazil,8108,8,$5.52,JLX11VOL5PZ,Yes,Yes,09/03/2023,No,protonmail,Internacional,8108JLX11VOL5PZ,
Lana Sparks,(875) 874-5623,ut.pharetra@yahoo.ca,"Ap #545-1223 Felis, St.",Mazda,Belgium,B1E 7B3,0,$41.10,JPH13CBG2GD,No,Yes,09/01/2022,,,,,
Jacob Winters,1-338-107-3354,dis.parturient@google.org,Ap #830-5241 Tellus St.,Mercedes-Benz,Brazil,48338-92050,10,$18.37,IXD35CMD4DK,No,No,04/27/2023,,,,,
Kim Ashley,(768) 586-5365,gravida.mauris@protonmail.org,278-4408 Lacus. St.,Mercedes-Benz,Canada,547772,1,$89.24,LUW04NKW3NI,Yes,No,07/16/2023,Yes,protonmail,Internacional,547772LUW04NKW3NI,
Ezekiel Bradley,1-473-254-2343,nisi@google.couk,"104-9835 Et, St.",Nissan,Nigeria,43295,9,$12.53,TBL64ETB3UL,Yes,No,11/05/2021,No,google,Internacional,43295TBL64ETB3UL,
Callie Shannon,1-715-452-1067,elit@google.couk,"P.O. Box 476, 8709 Auctor, St.",Volvo,Ireland,11605,7,$37.92,KAP95DJE5VW,No,Yes,11/09/2022,No,google,Internacional,11605KAP95DJE5VW,
Ferdinand Paul,1-864-657-4624,diam.vel.arcu@outlook.ca,899-5036 Blandit St.,Ferrari,South Korea,52058,9,$72.57,LWG42BKI8QY,Yes,No,02/02/2023,No,outlook,Internacional,52058LWG42BKI8QY,
Isabella Steele,(530) 403-5151,dui.cras@hotmail.couk,Ap #641-1354 Lacus. Av.,Ferrari,Chile,457343,3,$7.69,OPF71MIP9TD,Yes,No,07/21/2022,No,hotmail,Internacional,457343OPF71MIP9TD,
Aidan Lloyd,1-751-205-5184,duis.risus.odio@protonmail.org,Ap #693-3856 Sed Road,BMW,Canada,436723,6,$14.55,PGS05WCV7DU,No,Yes,03/30/2023,No,protonmail,Internacional,436723PGS05WCV7DU,
Hammett Barron,(141) 235-9262,dui@icloud.couk,"P.O. Box 505, 1833 Curabitur Avenue",Volvo,Russian Federation,6668,5,$51.71,BDP71GFM6OH,No,Yes,10/01/2022,No,icloud,Internacional,6668BDP71GFM6OH,
Keaton Guzman,(726) 445-8056,morbi.sit.amet@aol.couk,"2823 Ac, St.",Mazda,Mexico,237214,10,$46.32,WEC29BUH8JP,Yes,No,02/22/2022,No,aol,Internacional,237214WEC29BUH8JP,
Hilel Hobbs,(895) 603-6858,tellus@hotmail.edu,901-1588 Enim St.,Audi,United States,367688,5,$90.54,RFF20TFL0KJ,No,No,08/15/2023,Yes,hotmail,Local,367688RFF20TFL0KJ,
Deborah Barrera,(256) 305-2949,ut.erat.sed@icloud.couk,880-8946 Felis. Rd.,Volkswagen,Peru,6246-1198,1,$30.19,QAO77ZFC7XL,Yes,Yes,06/03/2022,,,,,
Thaddeus Hensley,1-918-219-7463,aliquam.ultrices@protonmail.couk,865-3709 Integer Road,Mazda,Spain,4092 PP,9,$25.28,PKM12OFT9MS,Yes,Yes,08/23/2022,,,,,
Tad Stafford,1-416-487-9807,sem.pellentesque@protonmail.ca,556-904 Sed Rd.,BMW,Turkey,28481,7,$78.40,RLV52RTS5KN,No,No,06/01/2022,No,protonmail,Internacional,28481RLV52RTS5KN,
Rose Trujillo,1-286-657-2866,tristique.senectus@icloud.com,119-7688 Ultricies St.,Mercedes-Benz,Sweden,3256,4,$57.57,NRY28CMG7AI,No,No,07/05/2023,No,icloud,Internacional,3256NRY28CMG7AI,
Hector Logan,(438) 687-9176,aliquet.sem.ut@outlook.org,106-1930 Feugiat Rd.,Renault,Vietnam,6712,8,$96.09,INZ46UVV8GE,No,No,10/07/2022,Yes,outlook,Internacional,6712INZ46UVV8GE,
Abel Bates,1-275-452-1856,amet@aol.ca,"P.O. Box 773, 1950 Laoreet Road",Mercedes-Benz,Singapore,161871,7,$97.79,RVC47RKE9LT,No,Yes,01/30/2022,Yes,aol,Internacional,161871RVC47RKE9LT,
Thaddeus Simon,(845) 637-2381,semper.rutrum@yahoo.net,Ap #187-2398 Ac St.,BMW,Brazil,P10 8ZS,9,$63.89,OBV23GTG2KL,No,No,04/21/2022,,,,,
Lydia Madden,1-235-135-1285,eu.tellus.eu@protonmail.org,Ap #353-3267 Elementum Rd.,Audi,Colombia,735362,10,$1.94,GKW31QYN8US,No,Yes,04/18/2023,No,protonmail,Internacional,735362GKW31QYN8US,
Shellie Trujillo,(818) 543-9539,cras.eu@icloud.com,"P.O. Box 124, 9642 Ullamcorper. Rd.",BMW,Ireland,6771,8,$30.30,SJP48HPS7NR,Yes,No,04/24/2023,No,icloud,Internacional,6771SJP48HPS7NR,
Ross Riddle,(467) 268-6307,enim.sed@hotmail.edu,8344 Senectus St.,Volvo,Italy,WK38 6QQ,6,$31.63,YNK55NQS0LC,No,Yes,04/15/2022,,,,,
Brendan Murphy,(298) 418-7867,ipsum@google.net,409-6621 Curabitur Rd.,Mercedes-Benz,Netherlands,61316,2,$31.07,MLR73XKO1RN,No,No,04/13/2023,No,google,Internacional,61316MLR73XKO1RN,
Gannon Evans,1-424-465-8636,phasellus.dolor.elit@yahoo.ca,971-1139 Ultricies Rd.,Volkswagen,Pakistan,80763-664,3,$98.22,CUR35ROS1RM,Yes,No,09/02/2022,,,,,
Rogan Murphy,(745) 812-2322,ac.ipsum@icloud.net,173-7368 Libero Avenue,Audi,China,18237-83435,2,$6.36,IHV25GQN1EW,Yes,No,09/06/2022,,,,,
Ryan Skinner,(426) 172-1344,elit.pellentesque@icloud.net,"251-5483 Vitae, Av.",Mercedes-Benz,Spain,780838,8,$99.24,LYF58LRR1NH,Yes,Yes,12/17/2021,Yes,icloud,Internacional,780838LYF58LRR1NH,
Teegan Mckay,1-267-633-5677,posuere.enim.nisl@protonmail.com,8084 Urna Road,BMW,Peru,71385,3,$0.10,IYU14RUW3TF,Yes,No,05/14/2022,No,protonmail,Internacional,71385IYU14RUW3TF,
Ria Craft,1-444-422-6778,sem.semper@icloud.org,422-2928 Odio Street,Ferrari,Russian Federation,33191,9,$6.55,ENI81CQN8JJ,No,No,05/29/2023,No,icloud,Internacional,33191ENI81CQN8JJ,
Camden Kirk,1-765-223-0838,fusce.diam@aol.edu,315-1150 Molestie Avenue,Volkswagen,Ukraine,328015,2,$23.02,OSZ75ITP4LM,No,No,07/09/2022,No,aol,Internacional,328015OSZ75ITP4LM,
Lila Rasmussen,(555) 863-6012,vestibulum.mauris@protonmail.net,579-3027 Lectus St.,Mercedes-Benz,Australia,167645,3,$91.07,DCN83WMZ7GO,Yes,No,11/18/2022,Yes,protonmail,Internacional,167645DCN83WMZ7GO,
Alice Hurley,(611) 231-3181,neque.vitae.semper@protonmail.ca,Ap #667-159 Ipsum Av.,Volvo,United States,44136,3,$8.42,KKX38GUM4GQ,Yes,No,09/29/2023,No,protonmail,Local,44136KKX38GUM4GQ,
Justine Kerr,(223) 141-0816,lorem.luctus@google.org,Ap #859-2209 Magna. Avenue,BMW,France,2099,3,$81.26,MCZ71TKM5OS,No,No,03/05/2023,Yes,google,Internacional,2099MCZ71TKM5OS,
September Delgado,(473) 971-2441,ornare.tortor.at@protonmail.org,"Ap #739-4885 Purus, Street",Volvo,Canada,671748,9,$54.33,SMT64KLL7UL,No,Yes,12/07/2021,No,protonmail,Internacional,671748SMT64KLL7UL,
Naida Harding,1-419-415-3860,lorem.tristique@outlook.ca,"177-4505 A, Rd.",Mercedes-Benz,France,34447,6,$43.83,RSO13PVL2VB,Yes,No,05/04/2022,No,outlook,Internacional,34447RSO13PVL2VB,
Amaya Brooks,(874) 510-4378,sem@icloud.ca,266-1384 Ut St.,Mazda,Brazil,6026,4,$63.33,ZVM19DLG8KL,No,Yes,07/25/2022,No,icloud,Internacional,6026ZVM19DLG8KL,
Cruz English,1-843-728-8602,aliquet.phasellus@outlook.couk,183-6935 Dui Rd.,Mazda,United Kingdom,782446,10,$76.99,PJJ94QOE6NE,No,No,02/16/2022,No,outlook,Internacional,782446PJJ94QOE6NE,
Tanner Delgado,(818) 139-6730,imperdiet.non.vestibulum@aol.com,8550 Enim. Road,Ford,India,P93 0VZ,7,$22.73,OLM65KTR8RN,Yes,No,12/01/2021,,,,,
Doris Mckee,(943) 876-0324,sapien.cras.dolor@google.com,Ap #447-8868 Facilisis St.,Audi,Mexico,424854,10,$74.77,LOC36PGO7WJ,No,No,09/12/2021,No,google,Internacional,424854LOC36PGO7WJ,
Judith Long,1-618-755-7541,elit.aliquam.auctor@protonmail.ca,112-7715 Diam Street,Mazda,Nigeria,6976,4,$28.69,EQD91HVK7OB,No,No,06/10/2022,No,protonmail,Internacional,6976EQD91HVK7OB,
Piper Holmes,1-473-626-6534,quis@protonmail.org,9159 Vivamus Avenue,Audi,Nigeria,376841,10,$55.94,QXI56LXB5IE,Yes,No,10/10/2021,No,protonmail,Internacional,376841QXI56LXB5IE,
Tiger Ratliff,(687) 946-5463,vivamus.sit@outlook.couk,435 Integer St.,Nissan,Spain,34475,7,$73.67,DSK21SVQ1BC,Yes,No,05/08/2023,No,outlook,Internacional,34475DSK21SVQ1BC,
Hollee Quinn,(144) 114-2046,ullamcorper.duis.cursus@google.couk,986-7591 Pharetra St.,Honda,Australia,151044,1,$50.52,YVW40ECW3BX,No,Yes,12/18/2021,No,google,Internacional,151044YVW40ECW3BX,
Hector Woods,1-961-687-6898,ipsum.donec@yahoo.ca,"P.O. Box 918, 811 Montes, Rd.",Renault,Indonesia,86883,3,$66.19,ABA10DNC4CZ,No,No,11/05/2021,No,yahoo,Internacional,86883ABA10DNC4CZ,
Elmo Baker,(842) 612-5636,pede.ac@aol.ca,2020 Rutrum. Rd.,Ford,Germany,8268,5,$57.86,PRB16OVI5SG,No,Yes,10/18/2022,No,aol,Internacional,8268PRB16OVI5SG,
Autumn Lamb,1-299-906-2614,euismod.in@protonmail.net,7709 Eu Rd.,Audi,Italy,34272381,0,$84.04,SRU43JPE5JL,Yes,No,12/21/2021,Yes,protonmail,Internacional,34272381SRU43JPE5JL,
Deirdre Blake,(776) 441-8282,odio.a.purus@aol.edu,Ap #178-6347 Lectus Rd.,BMW,Norway,49284,3,$98.22,PVP55WEZ1RX,Yes,No,12/29/2021,Yes,aol,Internacional,49284PVP55WEZ1RX,
Ulla Vazquez,(734) 554-2668,natoque.penatibus@protonmail.com,2940 Tortor Road,Renault,New Zealand,57318-76193,7,$81.94,BNC48ZQP4PS,Yes,No,04/03/2023,,,,,
Gareth Hamilton,1-820-745-3557,maecenas.malesuada@outlook.org,Ap #508-3666 Sed St.,Audi,Philippines,74223,7,$83.12,FDB14VUR0GZ,No,Yes,04/05/2022,Yes,outlook,Internacional,74223FDB14VUR0GZ,
Prescott Castaneda,(891) 415-3836,donec.elementum@protonmail.org,2457 Id St.,BMW,Norway,349551,7,$67.06,QPY32XVG0CG,No,Yes,10/29/2022,No,protonmail,Internacional,349551QPY32XVG0CG,
Axel Melton,1-225-815-2114,luctus.ut.pellentesque@yahoo.org,372-4875 Est Ave,Audi,Italy,58042,3,$76.37,SVO36YMQ0GV,No,No,08/20/2022,No,yahoo,Internacional,58042SVO36YMQ0GV,
Raven Albert,1-863-341-3513,rhoncus.proin.nisl@yahoo.ca,Ap #316-6405 Habitant Av.,Renault,Peru,42945,9,$27.35,ZOV33BER0CA,Yes,No,06/24/2023,No,yahoo,Internacional,42945ZOV33BER0CA,
Abbot Henderson,(628) 766-4416,mauris.ut.quam@aol.net,"P.O. Box 461, 8365 Natoque Road",Renault,India,41343,9,$73.69,NKV53CSW5BO,Yes,No,06/14/2022,No,aol,Internacional,41343NKV53CSW5BO,
Macon Jordan,(827) 210-3431,dictum.ultricies.ligula@hotmail.net,861-1477 Est. Road,Mazda,Sweden,T0P 9L9,5,$79.57,NJU72OSO0UF,No,Yes,06/24/2023,,,,,
Jeanette Sweet,(196) 846-1375,ridiculus.mus.aenean@google.edu,928-2273 Cum St.,Renault,Belgium,47316-23657,5,$71.82,PMF78MUC3EW,Yes,No,06/11/2022,,,,,
Alexis Carlson,1-847-431-5116,fermentum.risus.at@protonmail.org,547-1950 Sit Av.,Nissan,Canada,10636,9,$4.33,MGI41DQJ3VW,Yes,No,04/25/2023,No,protonmail,Internacional,10636MGI41DQJ3VW,
Lara Mcclure,(644) 728-4967,eget.metus.eu@icloud.com,Ap #593-7191 Volutpat Road,Mazda,Ireland,61525-768,6,$20.63,WOC86BFK4HT,Yes,No,12/30/2022,,,,,
Iona Holcomb,(412) 628-6882,lorem.donec@aol.couk,606-5503 Mauris St.,Renault,Belgium,88682,5,$45.55,FCU19NWL4WT,No,Yes,10/19/2021,No,aol,Internacional,88682FCU19NWL4WT,
Urielle Bernard,1-637-808-8733,consectetuer@aol.ca,6867 Quam. Av.,BMW,Ukraine,30126,8,$2.61,UKZ46OWU6GZ,Yes,Yes,09/13/2023,No,aol,Internacional,30126UKZ46OWU6GZ,
Fritz Hartman,(772) 961-2464,a.facilisis@yahoo.org,Ap #679-6232 Rutrum Ave,Audi,Philippines,8584,8,$38.14,QON51DIT7WU,Yes,No,08/16/2022,No,yahoo,Internacional,8584QON51DIT7WU,
Kimberly Kaufman,(636) 203-5684,molestie.tortor@yahoo.ca,Ap #328-7292 Consectetuer Rd.,Mazda,Sweden,67628,6,$54.70,FUT15IXT7CC,Yes,Yes,04/11/2022,No,yahoo,Internacional,67628FUT15IXT7CC,
Ulla Chang,(864) 708-4643,libero@outlook.com,6586 Aliquam Av.,Ford,New Zealand,4634 QX,3,$18.09,WOF64IZJ7MU,No,No,11/06/2021,,,,,
Kasper Turner,1-707-948-1306,orci.in.consequat@protonmail.edu,"136-5930 Rutrum, Ave",Nissan,Canada,4543,9,$97.31,FRN37RTX0EB,Yes,Yes,07/06/2023,Yes,protonmail,Internacional,4543FRN37RTX0EB,
Jennifer Stewart,(661) 265-6781,quis@aol.ca,"P.O. Box 598, 7770 Nec Road",Ferrari,Germany,31844,6,$52.80,RUN78DHT4DG,Yes,Yes,01/07/2022,No,aol,Internacional,31844RUN78DHT4DG,
Lee Pena,1-838-476-4727,ultrices.posuere.cubilia@outlook.couk,Ap #424-6392 Proin St.,Ford,India,695644,4,$81.71,XFT73XTO9HV,No,Yes,09/16/2022,Yes,outlook,Internacional,695644XFT73XTO9HV,
Brennan Gillespie,(797) 747-5723,a.nunc.in@hotmail.org,"Ap #308-5151 Montes, Ave",Mazda,Austria,Y4Y 1M1,9,$14.99,ZXE85CZP6PV,No,Yes,01/19/2023,,,,,
Kaye Bruce,(184) 533-5030,elit@google.ca,"Ap #752-1791 Pede, Rd.",BMW,Indonesia,32956-48455,6,$8.72,WUT45UUE1DE,No,Yes,06/13/2023,,,,,
Simone O'connor,1-179-430-8844,consequat@yahoo.org,"971-2198 Lectus, Street",Nissan,Germany,25545,5,$18.41,HYJ33CYC4KS,No,No,04/21/2023,No,yahoo,Internacional,25545HYJ33CYC4KS,
Summer Hale,(889) 310-1526,tortor.at@google.edu,157-807 Nulla Street,Ford,Pakistan,7284,3,$62.80,PMC16YIQ7DQ,Yes,No,01/07/2023,No,google,Internacional,7284PMC16YIQ7DQ,
Nathan Robinson,1-550-625-2468,non@yahoo.couk,447-3535 Elementum St.,Audi,Brazil,30908,8,$11.58,RFG65NTC3DS,No,Yes,09/04/2021,No,yahoo,Internacional,30908RFG65NTC3DS,
Naomi Carson,(639) 567-2707,lorem@protonmail.edu,851-4607 Ac Road,Volkswagen,Pakistan,685672,9,$36.63,OGG80LXN1EG,No,No,12/08/2022,No,protonmail,Internacional,685672OGG80LXN1EG,
Violet Gould,(984) 642-5281,volutpat.ornare@google.ca,"990-3724 Ut, St.",Audi,Australia,743617,1,$77.30,GTR28JDA8YV,No,No,11/06/2022,No,google,Internacional,743617GTR28JDA8YV,
Wade Buchanan,(860) 315-2852,vulputate.eu.odio@hotmail.org,Ap #198-8908 Sagittis Rd.,Honda,Spain,62-59,2,$3.02,ECW19HMP0HD,Yes,Yes,11/15/2022,,,,,
Fatima Lang,1-428-333-0292,est.vitae.sodales@icloud.ca,Ap #503-8724 Molestie Rd.,Honda,Ireland,8542,0,$51.74,FNZ45EVO9WS,Yes,No,08/21/2022,No,icloud,Internacional,8542FNZ45EVO9WS,
Nina Jennings,(349) 766-4511,lacinia.mattis@yahoo.org,Ap #788-2870 Eleifend Av.,Ford,Ireland,97412-896,9,$7.64,UKU97TMH4NH,No,No,10/01/2022,,,,,
Ralph Delacruz,1-471-131-4401,curabitur.ut@outlook.com,734-4787 Vestibulum Av.,Ferrari,Ireland,60-486,7,$53.22,DFO12PDT2EK,Yes,Yes,09/12/2022,,,,,
Igor Wynn,1-586-782-7073,velit@google.org,620-4976 Vitae Av.,Volvo,Philippines,13647,6,$65.86,HCO64MFQ1HF,Yes,Yes,04/23/2023,No,google,Internacional,13647HCO64MFQ1HF,
Abigail Gibbs,(231) 338-1067,dis.parturient@outlook.ca,585-4214 Et St.,BMW,Italy,0852,10,$89.77,PCC46DPY2PS,No,Yes,06/30/2022,Yes,outlook,Internacional,0852PCC46DPY2PS,
Madison Hamilton,1-842-422-3782,et@yahoo.ca,352-9316 Luctus Avenue,Ferrari,Turkey,374295,9,$27.39,SEZ68SSL6YN,No,No,04/09/2022,No,yahoo,Internacional,374295SEZ68SSL6YN,
Clarke Morris,1-477-725-2538,odio.nam@hotmail.edu,6301 Feugiat Rd.,Ferrari,Poland,7735,2,$46.19,WGB35WZX2KR,No,No,05/09/2022,No,hotmail,Internacional,7735WGB35WZX2KR,
Grace Ruiz,1-956-727-4116,vestibulum@outlook.ca,Ap #708-7938 Dignissim Ave,Mazda,France,VO01 2DD,5,$5.65,ZZY57AIM8TS,Yes,Yes,11/30/2022,,,,,
Karly Ruiz,1-463-566-2078,justo.faucibus.lectus@protonmail.com,"Ap #565-5154 Eu, Ave",Renault,South Korea,248277,5,$23.10,HUG91KXA0SW,No,No,04/16/2023,No,protonmail,Internacional,248277HUG91KXA0SW,
Merrill Bauer,1-848-957-1135,sodales.at.velit@hotmail.ca,"P.O. Box 346, 5960 Pharetra St.",Ford,Ireland,80668,6,$20.06,MQQ13NFB3PI,Yes,No,06/27/2022,No,hotmail,Internacional,80668MQQ13NFB3PI,
Gary Vaughn,1-837-281-6216,eu.tellus@protonmail.com,249-7949 Justo Street,BMW,Colombia,4115,9,$99.56,TEA14QDW9ID,Yes,Yes,06/25/2023,Yes,protonmail,Internacional,4115TEA14QDW9ID,
Alan Chan,(370) 457-0614,a.arcu@protonmail.edu,"Ap #730-4394 Amet, St.",Honda,Spain,42364,6,$1.93,TBM66YTU1TD,No,No,04/18/2022,No,protonmail,Internacional,42364TBM66YTU1TD,
Vera West,(764) 268-4140,ligula.nullam@aol.net,Ap #576-8088 Adipiscing Av.,Volkswagen,Germany,J9B 2B8,0,$24.72,BLF47VVD7SS,Yes,Yes,08/24/2023,,,,,
Hyatt Estrada,(251) 355-5727,nec.metus@protonmail.edu,Ap #300-2317 Iaculis Ave,Mercedes-Benz,Russian Federation,84-85,5,$59.86,DBS45WOD5KK,No,Yes,01/03/2022,,,,,
Charles Watts,1-168-633-7235,sed.eget.lacus@yahoo.com,260-6140 Dolor Rd.,BMW,Canada,63-787,8,$99.91,RUP24AVG7AO,Yes,Yes,03/18/2022,,,,,
Sean Townsend,(604) 554-7547,in.tempus.eu@icloud.com,Ap #468-9823 Sociis Road,Mercedes-Benz,Norway,28724,7,$76.83,MKN00YWR7LI,No,Yes,10/03/2022,No,icloud,Internacional,28724MKN00YWR7LI,
Dara Hill,1-454-873-4697,dolor.quisque@outlook.net,126-8554 At Ave,Mazda,Ukraine,9781-0865,1,$45.84,AWM17NVW5LF,Yes,No,05/29/2022,,,,,
Cathleen Warner,1-344-514-9887,enim.curabitur@google.couk,937-2901 Cras Rd.,Renault,New Zealand,72-797,4,$16.41,AHT72KVV8YR,No,Yes,04/11/2023,,,,,
Jeremy Stevens,(761) 878-0175,et.magnis.dis@protonmail.couk,7006 Id Av.,Honda,Norway,394764,8,$27.44,RZL35NJL8SH,Yes,Yes,07/13/2022,No,protonmail,Internacional,394764RZL35NJL8SH,
Alden Lara,1-328-616-1484,sodales.at@protonmail.org,"Ap #697-956 Luctus, Street",Volvo,China,26-37,7,$19.84,YGT80AEL3US,Yes,Yes,12/27/2022,,,,,
Chava Spencer,(446) 841-7620,metus@outlook.edu,"P.O. Box 557, 512 Vitae, St.",Ferrari,Russian Federation,20703,9,$79.67,HSP13FTT7BO,No,Yes,05/17/2023,No,outlook,Internacional,20703HSP13FTT7BO,
Conan Farmer,1-397-383-3783,interdum.sed@protonmail.com,Ap #505-4974 Nunc St.,BMW,Ukraine,603571,4,$21.79,MVM45BNN3ZP,No,No,04/11/2023,No,protonmail,Internacional,603571MVM45BNN3ZP,
Carly Holcomb,(313) 894-9754,et@yahoo.net,Ap #229-1106 Lobortis St.,Renault,Chile,392833,7,$57.50,IVK33LFO2RG,Yes,Yes,10/05/2021,No,yahoo,Internacional,392833IVK33LFO2RG,
Stephen Harrison,(366) 723-9544,accumsan.interdum.libero@google.edu,667-5271 Pellentesque Street,Renault,Vietnam,14-32,7,$23.86,FTP83UST3KX,No,No,05/16/2022,,,,,
Desirae Mckinney,1-866-946-5834,nunc@protonmail.com,6694 Dui Avenue,Volvo,Brazil,61587,10,$16.13,HFN56DRL8PJ,No,No,07/05/2023,No,protonmail,Internacional,61587HFN56DRL8PJ,
Craig Christensen,(103) 633-2755,mattis.velit@protonmail.org,"Ap #847-438 Nec, St.",Audi,Mexico,2616,0,$38.60,VTG24IDD1PF,No,Yes,10/11/2022,No,protonmail,Internacional,2616VTG24IDD1PF,
Holly Blair,1-685-926-1635,mollis.dui@aol.net,Ap #423-2716 Ligula. Street,Ford,Singapore,81213,6,$14.06,GXT31XTP5GO,No,No,01/25/2022,No,aol,Internacional,81213GXT31XTP5GO,
Fitzgerald Wall,1-528-624-2775,purus.maecenas.libero@hotmail.edu,"P.O. Box 554, 5279 Cum St.",Mazda,South Korea,54339,3,$63.75,DVW82HHP2JC,No,No,04/28/2022,No,hotmail,Internacional,54339DVW82HHP2JC,
Driscoll Mcpherson,1-231-515-1721,parturient.montes@google.net,"P.O. Box 543, 5079 Erat Ave",BMW,United Kingdom,4068,6,$6.20,BTI73CYA3IB,Yes,No,01/18/2022,No,google,Internacional,4068BTI73CYA3IB,
Bevis Melendez,1-772-718-8721,nascetur.ridiculus@aol.edu,"P.O. Box 357, 7313 Ullamcorper, Rd.",Ford,Ukraine,2301,6,$47.26,PTF74PCE8JR,Yes,Yes,09/20/2021,No,aol,Internacional,2301PTF74PCE8JR,
Steven Rodgers,1-798-962-8435,curabitur.sed@protonmail.org,"P.O. Box 359, 2575 Luctus Rd.",Renault,Norway,433233,4,$86.76,TFF75JJV9MB,No,Yes,07/26/2022,Yes,protonmail,Internacional,433233TFF75JJV9MB,
Fletcher Lewis,(351) 733-1852,orci.donec.nibh@outlook.com,Ap #396-5817 Sit Avenue,Renault,South Korea,25891,4,$98.50,PQE62DKF9AV,No,Yes,03/25/2023,Yes,outlook,Internacional,25891PQE62DKF9AV,
Norman Huber,(523) 586-7941,vestibulum@yahoo.ca,3160 Semper Rd.,Honda,Austria,444875,4,$92.15,HQN76MWN5PV,No,Yes,12/26/2022,Yes,yahoo,Internacional,444875HQN76MWN5PV,
Serina Fletcher,(175) 285-3045,luctus.felis@hotmail.couk,388-9422 Auctor St.,Ferrari,Russian Federation,15582,10,$12.87,EKK63LPR6JB,No,Yes,11/07/2021,No,hotmail,Internacional,15582EKK63LPR6JB,
Hedley Hester,1-311-601-8340,non.sollicitudin@google.ca,"P.O. Box 557, 383 Dui. Ave",Nissan,Austria,75727-565,7,$70.47,VJV75AXT4AB,No,No,12/12/2021,,,,,
Boris Beach,1-961-947-0114,facilisis.non@outlook.edu,693-4936 Natoque Rd.,Volvo,Pakistan,3866,6,$74.61,IFQ55LRJ9VO,Yes,No,07/21/2023,No,outlook,Internacional,3866IFQ55LRJ9VO,
Vera Romero,(317) 350-6840,dignissim.magna@yahoo.com,727-7267 Faucibus Ave,Mazda,Nigeria,45-515,2,$93.42,CQS16OPF4OW,No,No,04/01/2022,,,,,
Odysseus Gaines,(823) 232-8575,lobortis.ultrices@aol.ca,"P.O. Box 103, 3153 Quam Road",Ferrari,Ireland,767705,0,$58.65,TLI93BYM2JE,Yes,No,02/04/2022,No,aol,Internacional,767705TLI93BYM2JE,
Zena Gilmore,(577) 241-6202,sem.mollis@yahoo.net,7130 Ut St.,Mercedes-Benz,South Africa,9141,8,$14.89,IRK25LDW1LF,No,No,04/13/2022,No,yahoo,Internacional,9141IRK25LDW1LF,
September Moon,1-376-577-0534,vivamus.euismod@icloud.com,742-8171 Lacinia Road,Volkswagen,New Zealand,13218,0,$61.25,FUD63DPT2AY,Yes,Yes,05/14/2023,No,icloud,Internacional,13218FUD63DPT2AY,
Yael Carr,(763) 587-0082,risus@yahoo.couk,8031 Venenatis Av.,Mazda,Spain,8462,4,$60.18,QSW44OBP2QJ,No,No,01/26/2022,No,yahoo,Internacional,8462QSW44OBP2QJ,
Alden Thomas,1-283-851-4265,aliquam.erat@outlook.net,"P.O. Box 911, 8795 Sem Street",Mazda,Australia,871427,2,$78.10,LZN51MDR8XR,Yes,No,01/21/2023,No,outlook,Internacional,871427LZN51MDR8XR,
Serina Faulkner,1-135-436-3553,egestas.a@protonmail.couk,"5563 Laoreet, Road",Ferrari,Russian Federation,1875,2,$88.61,LCJ96YEI8SH,Yes,No,05/03/2023,Yes,protonmail,Internacional,1875LCJ96YEI8SH,
Stella Hart,(834) 727-6177,mauris@protonmail.couk,Ap #877-8818 Erat Road,Ford,Costa Rica,B5K 7R9,7,$64.66,RNY33HNS8JE,No,No,11/09/2022,,,,,
Stacy Nunez,1-513-167-8651,nisi@icloud.ca,Ap #942-5516 Nunc St.,Mercedes-Benz,Turkey,5257-4767,3,$64.75,OVJ76IXQ7IH,No,No,09/09/2023,,,,,
Hilda Blanchard,1-326-452-2188,ac.turpis.egestas@outlook.org,Ap #536-1233 Fringilla Rd.,Honda,Italy,897911,10,$22.11,XTB43TJO8NL,No,No,05/15/2022,No,outlook,Internacional,897911XTB43TJO8NL,
Jeanette Lawrence,1-314-811-4575,nec.ligula@protonmail.org,1698 Gravida Av.,Renault,Netherlands,457233,8,$80.79,WCI20XNT3RI,Yes,Yes,11/24/2021,No,protonmail,Internacional,457233WCI20XNT3RI,
Odysseus Morton,(478) 813-6308,vitae.velit@yahoo.org,"Ap #397-9770 Luctus, Rd.",Volkswagen,Chile,648204,3,$19.45,KRM84IRE2IP,Yes,No,11/09/2022,No,yahoo,Internacional,648204KRM84IRE2IP,
Keane Thornton,1-825-583-8131,facilisis.eget@icloud.net,"P.O. Box 755, 2258 Pede Street",Volkswagen,Mexico,5246,8,$80.46,LCP38CEM8PG,Yes,No,01/13/2022,No,icloud,Internacional,5246LCP38CEM8PG,
Wylie Hill,(732) 579-6956,dolor@yahoo.org,661-6808 Aenean Street,Mazda,Turkey,67746-935,5,$41.34,CZE01AIZ1PE,No,Yes,07/18/2022,,,,,
Kirestin Carey,1-825-386-2161,ultrices.duis@hotmail.ca,"Ap #201-3108 Dui, Av.",Renault,Mexico,8309 DU,6,$86.04,GFL85OTW3JH,No,Yes,11/20/2021,,,,,
Lamar Campos,(688) 583-8988,consequat.nec@aol.edu,"Ap #446-815 Non, Road",Volvo,Chile,82405,0,$38.60,SKJ58UDP6RI,No,No,12/25/2022,No,aol,Internacional,82405SKJ58UDP6RI,
Emerson Boyer,1-441-715-6298,nulla.eu@aol.couk,Ap #576-6052 Mauris Av.,Volvo,France,7021 JH,2,$70.39,DEY07DVM8RD,No,Yes,06/29/2022,,,,,
Callie Mercado,(341) 796-0738,consectetuer.adipiscing.elit@google.ca,Ap #213-295 Dis St.,Volvo,Italy,87354,6,$70.21,JJK72YJU5WR,Yes,Yes,06/11/2022,No,google,Internacional,87354JJK72YJU5WR,
Linus Francis,1-435-853-8432,nam.porttitor@outlook.ca,Ap #460-4348 Nec Av.,Volkswagen,Belgium,83746,2,$49.00,QUV68CPS1AE,Yes,Yes,10/10/2021,No,outlook,Internacional,83746QUV68CPS1AE,
Iola Dickerson,1-824-766-7685,ante.dictum@aol.net,"P.O. Box 203, 2620 Fermentum Av.",Ferrari,China,69111-67641,8,$12.13,WCD61QWI1QC,Yes,Yes,05/28/2022,,,,,
Mallory Farley,(823) 624-2333,rhoncus.nullam.velit@outlook.com,Ap #706-4866 Arcu. St.,Renault,Australia,1164,2,$25.16,ACQ77UNF2AV,Yes,Yes,06/21/2022,No,outlook,Internacional,1164ACQ77UNF2AV,
Hadassah Cobb,1-856-698-1727,nunc.sed@icloud.edu,Ap #418-4091 Turpis Street,Nissan,Spain,678433,2,$11.15,DMC14VQA2LI,Yes,Yes,03/31/2022,No,icloud,Internacional,678433DMC14VQA2LI,
Noble Roman,1-108-742-1352,iaculis@aol.edu,7193 Mauris. Ave,Volvo,Ukraine,666730,1,$41.75,WHL91ISL9FE,No,Yes,04/30/2022,No,aol,Internacional,666730WHL91ISL9FE,
Castor Macdonald,1-183-206-2731,vulputate.lacus@icloud.edu,"7182 Non, Road",Nissan,Russian Federation,22431-343,4,$19.67,DBA37LJE1AM,Yes,Yes,09/18/2022,,,,,
Abigail Russo,(155) 280-1787,rutrum@hotmail.ca,Ap #664-6159 Luctus. Road,BMW,Philippines,ZI24 3GN,0,$26.90,CIS54SQI4DD,No,Yes,12/21/2022,,,,,
Buckminster Bell,(456) 345-8227,eros.nam@protonmail.ca,Ap #776-4762 Pede Street,Mazda,Chile,36575,2,$79.15,HCA09LTF7WL,Yes,Yes,09/23/2021,No,protonmail,Internacional,36575HCA09LTF7WL,
Vielka Holland,(460) 810-3501,sed@protonmail.edu,"P.O. Box 912, 5400 Augue. Av.",Mazda,Mexico,6995,7,$4.17,ARN79MES8EZ,No,Yes,03/14/2023,No,protonmail,Internacional,6995ARN79MES8EZ,
Ryan Tate,1-833-719-9337,nunc.in@outlook.couk,833-9801 Nisi Avenue,Mazda,Philippines,968973,4,$21.06,TJS18PKE0EX,Yes,Yes,10/05/2021,No,outlook,Internacional,968973TJS18PKE0EX,
Sylvia Richard,(278) 149-8526,nec.diam@hotmail.com,"809-8292 Tortor, Rd.",Mercedes-Benz,Netherlands,51405,2,$81.70,HOI92XGQ6CL,Yes,Yes,01/21/2022,Yes,hotmail,Internacional,51405HOI92XGQ6CL,
Kirk Leon,1-838-797-7314,et@aol.net,"Ap #164-2505 Amet, Av.",Renault,Pakistan,238668,1,$60.36,WXJ74ILZ4VI,Yes,No,02/21/2023,No,aol,Internacional,238668WXJ74ILZ4VI,
Carl Mason,1-871-274-5173,consequat.nec@outlook.edu,Ap #692-3318 Et Rd.,Nissan,Chile,21-43,3,$25.14,BYA89BHL9YN,No,Yes,08/21/2023,,,,,
Sheila Atkinson,(820) 267-7469,primis.in@protonmail.couk,Ap #420-1365 Neque. Avenue,Volkswagen,Norway,I5 5PY,4,$5.51,EGF74ZGF8XV,No,Yes,04/14/2022,,,,,
Miranda Booth,1-582-626-5336,vitae.sodales.nisi@google.com,Ap #111-7629 Elit. Avenue,Ford,Turkey,388161,5,$76.25,FHB22KNB4WX,No,No,09/05/2023,No,google,Internacional,388161FHB22KNB4WX,
Phillip Vaughan,1-174-804-2263,eu.nulla@outlook.com,254-1422 Nec St.,Mercedes-Benz,Ireland,55120-553,10,$42.46,MGB34EOV2MU,No,Yes,02/06/2022,,,,,
Richard Francis,(313) 827-7805,rhoncus.donec@outlook.org,"157-9845 At, Street",Ferrari,Singapore,939547,2,$36.57,RHH20FSU1IF,Yes,Yes,11/08/2021,No,outlook,Internacional,939547RHH20FSU1IF,
Geraldine Huff,1-254-265-8103,fusce@hotmail.org,Ap #290-3692 Vehicula. Street,Ford,Russian Federation,3114,1,$11.20,JYO45JWN8NB,No,Yes,12/29/2022,No,hotmail,Internacional,3114JYO45JWN8NB,
Madonna Robbins,1-861-754-9813,pellentesque.tellus.sem@hotmail.com,9382 Vitae St.,Ferrari,Ireland,23772-514,5,$84.26,BVG37XMF4TI,Yes,No,03/14/2022,,,,,
Melyssa O'donnell,(693) 661-6188,magna.a@hotmail.org,Ap #238-7655 Elementum Ave,BMW,Canada,6998,8,$87.76,VQC28HNS8BF,No,Yes,10/13/2022,Yes,hotmail,Internacional,6998VQC28HNS8BF,
Haviva Mckee,(975) 866-4720,mauris.ut@google.com,4124 Aliquam Street,Mercedes-Benz,United States,1873,10,$91.55,KYH23BQQ6JS,No,No,09/05/2021,Yes,google,Local,1873KYH23BQQ6JS,
Amelia Bell,(387) 204-4766,dui.cras@aol.org,550-852 Aliquam Rd.,Volvo,Costa Rica,25262-800,6,$95.16,CWJ12PSG1HT,No,Yes,09/29/2021,,,,,
Finn Bright,1-606-941-5471,vestibulum@yahoo.net,Ap #230-1577 Mattis. St.,Renault,Chile,8634,9,$97.95,YWN48CYJ4GF,No,Yes,08/10/2023,Yes,yahoo,Internacional,8634YWN48CYJ4GF,
Candice Mccray,(481) 801-4347,ipsum.ac.mi@icloud.com,"P.O. Box 761, 8460 Convallis Road",Audi,Russian Federation,30803,10,$12.55,IRB10ZAB6IE,No,Yes,02/04/2022,No,icloud,Internacional,30803IRB10ZAB6IE,
Amela Bean,(327) 131-1872,vestibulum.ante@hotmail.couk,Ap #313-4445 Laoreet Street,Volkswagen,France,610502,6,$8.70,BWV22GWD1YX,Yes,Yes,09/23/2023,No,hotmail,Internacional,610502BWV22GWD1YX,
Mary Frye,(485) 467-0350,vitae.sodales.at@google.ca,885-9095 Erat Road,Mercedes-Benz,Chile,12305,4,$78.47,ZPT68GGJ6QE,No,Yes,01/30/2023,No,google,Internacional,12305ZPT68GGJ6QE,
Hector Leach,(548) 342-0437,donec.elementum.lorem@yahoo.ca,663-6401 Senectus St.,Audi,China,4818,9,$12.31,DXC34SVE7KO,No,Yes,06/11/2022,No,yahoo,Internacional,4818DXC34SVE7KO,
Abraham Carr,1-593-518-2471,lorem.ac@icloud.net,858 Augue Road,Ferrari,Netherlands,71146,5,$4.02,DLH13OAS2GI,Yes,Yes,08/04/2022,No,icloud,Internacional,71146DLH13OAS2GI,
Roth Robinson,(255) 642-1296,facilisis.suspendisse@hotmail.net,822-5276 Ut St.,BMW,Peru,6278,3,$39.68,YAK35TZE1WZ,Yes,No,10/29/2022,No,hotmail,Internacional,6278YAK35TZE1WZ,
Cole Mcbride,(671) 360-7613,urna.nullam@hotmail.net,297-3314 Fusce Rd.,Audi,Belgium,17687,8,$58.74,SQD43EXA1EP,Yes,No,11/01/2021,No,hotmail,Internacional,17687SQD43EXA1EP,
Audra Sargent,(375) 361-4378,sociosqu.ad.litora@aol.ca,Ap #692-439 Dui Street,Ferrari,Pakistan,7784,9,$95.82,BTR88GBY9OR,Yes,Yes,07/29/2023,Yes,aol,Internacional,7784BTR88GBY9OR,
Nero Logan,(895) 746-8657,ornare.tortor@hotmail.ca,"Ap #541-9161 Amet, St.",Honda,Mexico,67-128,3,$15.55,RAN72WRL7ZV,No,Yes,01/15/2023,,,,,
Amal Dennis,(232) 125-1325,ut.pellentesque@protonmail.couk,Ap #490-3761 Ac Rd.,Nissan,Indonesia,1967,6,$3.89,LTN62RVW9CJ,Yes,No,06/26/2023,No,protonmail,Internacional,1967LTN62RVW9CJ,
Darius Keller,(383) 635-0182,luctus.sit@yahoo.couk,445-7140 Gravida Road,Mazda,Pakistan,12588,6,$98.55,WPN28OWG5CX,No,Yes,04/21/2023,Yes,yahoo,Internacional,12588WPN28OWG5CX,
Anika Morse,1-668-589-1568,natoque@outlook.couk,"7990 Eu, Ave",Nissan,New Zealand,7412,3,$1.21,EFT16LAJ6JR,Yes,No,09/21/2021,No,outlook,Internacional,7412EFT16LAJ6JR,
Brandon Finch,1-858-816-9278,amet@hotmail.org,Ap #729-4226 Sed St.,Volvo,Germany,96232,3,$17.33,DIF52DOJ4SL,No,No,07/09/2023,No,hotmail,Internacional,96232DIF52DOJ4SL,
Orla Woods,(515) 758-1266,ligula.aenean.euismod@google.edu,Ap #795-8484 Nullam Ave,Volvo,Mexico,29396-28069,7,$76.78,FSV83DLF7IW,Yes,No,02/04/2023,,,,,
Dale Moreno,(646) 565-5512,integer@protonmail.couk,Ap #293-1285 Arcu. Rd.,Nissan,South Korea,71-715,3,$33.51,EMV11FIP3DU,Yes,Yes,05/31/2023,,,,,
Fletcher Barker,1-769-973-9227,lectus@yahoo.net,8272 Nisi Av.,Volvo,Norway,22511,9,$0.66,PDE61BDI7FS,No,No,01/05/2023,No,yahoo,Internacional,22511PDE61BDI7FS,
Serina Johnston,1-133-647-8989,maecenas@outlook.net,9086 Dictum St.,Volvo,New Zealand,244622,1,$65.55,VSV48SKZ9HD,No,Yes,01/07/2022,No,outlook,Internacional,244622VSV48SKZ9HD,
Chanda Callahan,(392) 974-0822,sociis.natoque@outlook.org,170-2522 Ac Street,Audi,Vietnam,325338,6,$22.20,FLD86HTX3SJ,Yes,No,01/07/2022,No,outlook,Internacional,325338FLD86HTX3SJ,
Leroy Flynn,(463) 757-3115,ac@aol.net,952-1399 Egestas Rd.,Honda,Canada,15725,5,$83.30,DBL73QSM6DT,Yes,Yes,09/18/2022,Yes,aol,Internacional,15725DBL73QSM6DT,
Diana Mccall,1-826-782-2500,egestas.urna@hotmail.couk,9507 At Av.,BMW,Vietnam,6207 WB,9,$13.27,NIP23IFF5RU,No,Yes,10/28/2022,,,,,
Catherine Blanchard,(461) 612-2925,interdum.libero.dui@aol.net,Ap #456-1981 Vel Rd.,Ferrari,United States,7561,8,$84.97,CSK73KCA5FS,Yes,No,08/21/2022,Yes,aol,Local,7561CSK73KCA5FS,
Kieran Hurst,(754) 728-2772,fames.ac@icloud.couk,911-2293 Turpis St.,Ford,Austria,622635,8,$83.41,GKL57SWL2QQ,No,Yes,12/02/2022,Yes,icloud,Internacional,622635GKL57SWL2QQ,
Jael Brewer,(293) 252-6014,interdum.nunc.sollicitudin@aol.com,Ap #404-2072 Gravida Rd.,Ferrari,Nigeria,321371,8,$24.53,ILI22THL9RU,No,No,07/08/2022,No,aol,Internacional,321371ILI22THL9RU,
Levi Donaldson,(730) 711-5914,a.purus@hotmail.couk,"P.O. Box 844, 8654 Ipsum Ave",Volkswagen,South Africa,DO93 4IG,9,$10.91,BWD77LDL3YD,Yes,Yes,04/10/2022,,,,,
Cullen Stone,(331) 115-7630,facilisis@protonmail.org,Ap #246-7099 Metus St.,Volkswagen,Germany,504574,10,$46.73,QQG26BDB3KQ,Yes,No,04/24/2023,No,protonmail,Internacional,504574QQG26BDB3KQ,
Bradley Villarreal,1-306-622-5298,ut.pharetra@icloud.org,"629-9351 Rutrum, Street",BMW,France,3700,7,$19.30,LRC54NPS0TY,Yes,No,06/13/2023,No,icloud,Internacional,3700LRC54NPS0TY,
Nora Davis,(445) 263-5715,nec@yahoo.couk,Ap #842-2009 Mauris. St.,Ford,Netherlands,871919,1,$93.85,GOJ42BJU8IE,No,No,12/07/2021,Yes,yahoo,Internacional,871919GOJ42BJU8IE,
Barclay Ortiz,(236) 937-5210,enim@yahoo.ca,5616 Et Rd.,Volvo,Italy,3358-5782,4,$17.25,PXF43HTI0VA,Yes,Yes,03/22/2022,,,,,
Sybill Spears,1-231-726-1835,quis.arcu@outlook.com,6337 Quis Street,Volvo,Singapore,431766,7,$23.71,WTO53BIE4DG,Yes,No,09/07/2023,No,outlook,Internacional,431766WTO53BIE4DG,
Honorato Greer,(271) 628-4626,nec@icloud.net,Ap #783-7770 Curabitur Av.,Renault,Ireland,552774,2,$49.22,DXG42QCZ6LC,No,Yes,02/11/2023,No,icloud,Internacional,552774DXG42QCZ6LC,
Athena Singleton,1-793-443-4473,arcu@yahoo.edu,647 Gravida St.,Renault,Turkey,625328,10,$90.85,DWC32QGB8YJ,No,No,10/29/2022,Yes,yahoo,Internacional,625328DWC32QGB8YJ,
Amethyst Gentry,1-861-237-9493,ac.tellus@outlook.net,"Ap #668-2836 Sem, Avenue",Mercedes-Benz,Russian Federation,3681,4,$4.94,HPK73GWM5RM,No,Yes,09/10/2023,No,outlook,Internacional,3681HPK73GWM5RM,
Jada Alvarado,(838) 894-6514,fermentum.convallis@protonmail.com,Ap #713-9320 Odio Avenue,Renault,Colombia,716338,0,$86.72,WEF34QPG8MQ,No,No,02/28/2022,Yes,protonmail,Internacional,716338WEF34QPG8MQ,
Sophia Beasley,1-261-534-0791,nec@google.com,Ap #990-6352 Blandit St.,Renault,Austria,5005,8,$13.18,VFF94BYE7KR,Yes,Yes,01/21/2023,No,google,Internacional,5005VFF94BYE7KR,
Cassady Snider,1-775-416-8877,risus.quisque.libero@protonmail.com,5582 Cras Ave,Renault,South Korea,3398,8,$3.66,AJB72UXD3NU,No,Yes,04/27/2023,No,protonmail,Internacional,3398AJB72UXD3NU,
Abraham Guy,(442) 744-8267,sed.libero@yahoo.net,9924 Risus. Rd.,Audi,Indonesia,124132,2,$74.16,LDX79ORB8FQ,Yes,Yes,02/12/2022,No,yahoo,Internacional,124132LDX79ORB8FQ,
Justin Decker,(918) 181-2606,tristique.senectus@protonmail.edu,"P.O. Box 986, 3395 Molestie Street",Ferrari,Indonesia,522959,9,$95.75,IFW18EVQ4SQ,Yes,No,12/19/2022,Yes,protonmail,Internacional,522959IFW18EVQ4SQ,
September Macias,(562) 288-3527,cursus.et@yahoo.com,Ap #338-3646 Ante St.,BMW,Ukraine,518410,1,$72.55,XXO33SRI3MM,No,Yes,05/06/2022,No,yahoo,Internacional,518410XXO33SRI3MM,
Brock Daugherty,(318) 755-8674,vel.quam@protonmail.org,987-6008 Ut Av.,Ford,Belgium,86650,6,$56.94,OFT20GNS7UZ,Yes,No,09/15/2021,No,protonmail,Internacional,86650OFT20GNS7UZ,
Brynn Hensley,(831) 517-0873,dictum.phasellus.in@yahoo.net,404-5523 Augue Rd.,Mazda,Turkey,50207,3,$19.74,ICS67NFK7PY,No,Yes,05/23/2023,No,yahoo,Internacional,50207ICS67NFK7PY,
Edan Goff,1-433-318-6889,enim@outlook.ca,990-2394 Cras Av.,Volvo,Australia,181874,5,$12.98,UBE11NCM4RR,Yes,Yes,06/03/2022,No,outlook,Internacional,181874UBE11NCM4RR,
Plato Baxter,1-421-453-0346,aliquam@hotmail.edu,Ap #413-1918 Nulla Street,Volkswagen,South Korea,665074,3,$25.61,FMG13QJE4JK,No,Yes,01/07/2022,No,hotmail,Internacional,665074FMG13QJE4JK,
Anika Burris,1-512-836-9767,libero.proin@outlook.couk,Ap #217-2039 Phasellus St.,Renault,France,264853,4,$16.73,GPQ22WBF5CE,Yes,No,04/05/2022,No,outlook,Internacional,264853GPQ22WBF5CE,
Raya Lane,1-137-832-4118,integer@outlook.net,Ap #742-2878 Orci. Ave,Mazda,Colombia,4213,3,$52.50,YRC19JSJ7NM,Yes,No,05/21/2023,No,outlook,Internacional,4213YRC19JSJ7NM,
Sara Stein,(728) 433-7964,parturient.montes.nascetur@aol.edu,8227 Nec Rd.,Ford,United States,19599-116,9,$4.27,IUB33XXL7KB,No,Yes,05/28/2023,,,,,
Meredith Boyle,1-751-598-5437,non.enim@protonmail.net,7331 Sodales. Avenue,Mercedes-Benz,Russian Federation,94296,8,$94.09,TFQ37DDI5LO,Yes,Yes,08/21/2023,Yes,protonmail,Internacional,94296TFQ37DDI5LO,
Maile Stuart,1-715-568-8356,pellentesque.a.facilisis@yahoo.com,"P.O. Box 648, 7987 Parturient Road",Renault,Ukraine,563771,6,$63.34,UUE72NQF7AB,No,No,09/23/2021,No,yahoo,Internacional,563771UUE72NQF7AB,
Vance Booth,(964) 815-5090,dui.fusce@aol.edu,"P.O. Box 679, 6233 Venenatis Street",Volkswagen,Netherlands,003593,6,$53.03,QYR83LJE8XI,Yes,Yes,03/29/2022,No,aol,Internacional,003593QYR83LJE8XI,
Mollie Morrison,1-994-784-7701,suspendisse@protonmail.com,Ap #972-3879 Pharetra Road,Ford,Norway,18593,4,$51.91,VWN76DRD9FN,No,No,03/19/2023,No,protonmail,Internacional,18593VWN76DRD9FN,
Rafael Dean,(328) 382-4977,ipsum.suspendisse.non@yahoo.edu,919-3901 Nunc Street,Nissan,United States,76-45,8,$81.57,XWJ21UYL3IC,Yes,Yes,04/13/2023,,,,,
Kasimir Henderson,(256) 297-5482,lorem@hotmail.com,Ap #666-9158 Nibh Ave,Ford,United Kingdom,9764,8,$72.06,OYM37KYG7YT,No,No,05/09/2023,No,hotmail,Internacional,9764OYM37KYG7YT,
Zane Noble,(843) 590-2169,nunc.sed@hotmail.com,Ap #458-8530 Ut St.,Volvo,Australia,85211,5,$43.75,AQL65SZA4LG,No,No,03/12/2023,No,hotmail,Internacional,85211AQL65SZA4LG,
Kermit Bond,(776) 360-8593,elit.erat@hotmail.edu,Ap #518-5852 Auctor St.,Nissan,Indonesia,9034,6,$65.40,COT45DQW9DP,No,Yes,08/09/2023,No,hotmail,Internacional,9034COT45DQW9DP,
Tad Calderon,1-172-786-0062,inceptos.hymenaeos.mauris@icloud.couk,965-9104 Molestie Rd.,Renault,Philippines,8829,4,$29.37,GLW16NXZ8WK,Yes,No,09/30/2023,No,icloud,Internacional,8829GLW16NXZ8WK,
Harper Alvarez,1-432-758-7394,egestas@yahoo.ca,9028 Egestas. St.,BMW,Netherlands,82686,2,$42.18,IIK12LRZ3TU,No,Yes,11/21/2022,No,yahoo,Internacional,82686IIK12LRZ3TU,
Dora Sharp,(862) 578-6608,lorem.ipsum@hotmail.com,Ap #474-265 Vitae Road,Mercedes-Benz,Philippines,30M 4T7,8,$41.97,NGH62OSR6QW,Yes,Yes,12/25/2022,,,,,
Kibo Hayes,1-724-737-2265,at@outlook.edu,7792 Interdum Rd.,BMW,Germany,1214,3,$96.70,SBG88RBC8CA,No,No,12/15/2021,Yes,outlook,Internacional,1214SBG88RBC8CA,
Zeph Nolan,1-464-627-3420,mauris@icloud.net,Ap #384-7909 Neque Rd.,Mazda,New Zealand,455665,8,$61.75,CVI83FZX3GL,Yes,No,10/06/2023,No,icloud,Internacional,455665CVI83FZX3GL,
Emerson Roberson,1-786-288-5625,lorem.ipsum.sodales@protonmail.ca,879-5996 Donec Avenue,Renault,Ukraine,23504,7,$79.44,HRP98XRF5FG,Yes,No,02/17/2023,No,protonmail,Internacional,23504HRP98XRF5FG,
Berk Barrett,(130) 535-4027,fames.ac@icloud.couk,5533 Et Rd.,Renault,South Korea,20613,6,$83.95,BJE35XKX8JK,No,Yes,07/02/2022,Yes,icloud,Internacional,20613BJE35XKX8JK,
Leilani Sparks,(764) 578-3874,sodales.elit.erat@hotmail.edu,"P.O. Box 438, 7099 Sit Rd.",Audi,South Korea,227737,7,$83.31,JXB73IRY7AX,Yes,Yes,11/11/2022,Yes,hotmail,Internacional,227737JXB73IRY7AX,
Kenyon Wilkins,1-307-956-6132,tempor@protonmail.ca,"P.O. Box 600, 5477 Id St.",BMW,Russian Federation,35323,4,$66.45,ODM40CVQ5YU,Yes,No,11/28/2021,No,protonmail,Internacional,35323ODM40CVQ5YU,
Ulysses Murphy,1-786-736-6898,amet.consectetuer.adipiscing@yahoo.edu,6654 Mi Ave,BMW,Ukraine,8608,10,$67.22,RPY22CWU8VY,Yes,No,01/04/2023,No,yahoo,Internacional,8608RPY22CWU8VY,
Bevis Joyce,(981) 455-1388,diam.proin@protonmail.edu,Ap #688-6618 Mauris Road,Nissan,China,632888,1,$85.10,UVJ84KPP3SF,Yes,Yes,06/08/2023,Yes,protonmail,Internacional,632888UVJ84KPP3SF,
Portia Ferrell,(478) 923-4312,nunc.interdum.feugiat@outlook.couk,410-792 Curabitur Street,Audi,China,22977,5,$88.52,JRO61INS4EI,Yes,Yes,05/14/2022,Yes,outlook,Internacional,22977JRO61INS4EI,
Brody Melendez,1-302-858-8251,ullamcorper.magna@icloud.com,710-9070 Amet Ave,Renault,Pakistan,753362,7,$36.69,YUV51YLJ3AX,No,Yes,09/19/2022,No,icloud,Internacional,753362YUV51YLJ3AX,
Danielle Rivas,(486) 647-4478,rhoncus.id@google.edu,Ap #468-8784 In Rd.,Volvo,Sweden,440861,6,$1.38,GFO87JMH3TF,Yes,No,09/01/2023,No,google,Internacional,440861GFO87JMH3TF,
Curran Hughes,1-397-365-4112,cras.sed@yahoo.ca,918-7483 Sed Rd.,Ford,Belgium,97139,4,$96.72,PNQ13KWL6DB,No,Yes,04/25/2023,Yes,yahoo,Internacional,97139PNQ13KWL6DB,
Mufutau Stephens,1-593-766-5014,elit.pretium@aol.com,335-4724 Felis. St.,Renault,Norway,984575,9,$42.41,RXK60IQU0KH,No,No,02/07/2023,No,aol,Internacional,984575RXK60IQU0KH,
Bianca Britt,1-448-816-8098,vehicula.et.rutrum@icloud.ca,"264-1689 Elit, Rd.",Volvo,Pakistan,5984,9,$33.97,HBY44ORP8YR,Yes,No,08/01/2022,No,icloud,Internacional,5984HBY44ORP8YR,
Lionel Maynard,1-342-677-2847,ut.sagittis@yahoo.couk,4108 Facilisis Rd.,BMW,South Korea,41931,7,$79.96,PMV20FYI1GL,No,No,01/03/2023,No,yahoo,Internacional,41931PMV20FYI1GL,
Xander Wallace,(311) 752-3748,eros.proin@aol.ca,Ap #720-778 Etiam Avenue,Audi,Poland,11163,2,$8.40,TVL25QGB9DW,Yes,No,07/21/2022,No,aol,Internacional,11163TVL25QGB9DW,
Camden Armstrong,1-258-371-3316,a.odio@protonmail.com,Ap #452-3735 Mi Street,Honda,Ukraine,71268,5,$95.60,CGI64SFB0LB,No,No,01/27/2022,Yes,protonmail,Internacional,71268CGI64SFB0LB,
Gemma Blanchard,1-609-357-3788,nascetur.ridiculus@outlook.edu,"P.O. Box 581, 5341 Orci. Avenue",Renault,Nigeria,27337,3,$30.69,JKQ91FDY2XU,No,No,02/10/2022,No,outlook,Internacional,27337JKQ91FDY2XU,
Julie Rush,(417) 376-5334,iaculis.lacus@protonmail.com,"P.O. Box 775, 8674 Eleifend Rd.",Mazda,South Korea,95261,8,$72.25,YFC29SWX0FJ,No,Yes,11/05/2021,No,protonmail,Internacional,95261YFC29SWX0FJ,
Melinda Ford,(389) 405-3523,rutrum.non.hendrerit@hotmail.com,Ap #672-2481 Mi Street,Renault,Norway,86678,8,$25.11,DEY23VEA3CN,No,Yes,09/01/2022,No,hotmail,Internacional,86678DEY23VEA3CN,
Tanek Morse,1-576-156-5611,elit@aol.net,Ap #185-1950 Duis St.,Ferrari,Peru,329820,1,$42.61,KDO10FWQ5EC,No,No,08/25/2022,No,aol,Internacional,329820KDO10FWQ5EC,
Quintessa Knight,1-867-422-4780,in@icloud.edu,785-6212 Posuere St.,Volkswagen,Peru,26912,4,$5.71,OBB98FMX7CI,Yes,Yes,09/08/2021,No,icloud,Internacional,26912OBB98FMX7CI,
Amaya Harrell,1-797-733-5331,in.lobortis@outlook.couk,Ap #172-6441 Pede Rd.,Renault,South Africa,6162,2,$89.46,ZHI70NQX1KH,Yes,No,06/05/2023,Yes,outlook,Internacional,6162ZHI70NQX1KH,
Cyrus Francis,(454) 958-1882,arcu.vestibulum@yahoo.net,"P.O. Box 761, 5388 Fringilla Rd.",Nissan,India,18-262,7,$60.07,CZC26XUE0IE,No,Yes,03/05/2023,,,,,
Zahir Gallagher,1-644-622-9713,volutpat.ornare@google.net,9752 Lorem Street,Renault,United Kingdom,76343,3,$77.67,XGD76GQU4LL,Yes,No,01/31/2023,No,google,Internacional,76343XGD76GQU4LL,
Haley Murray,(391) 339-0677,faucibus.orci@google.edu,2370 Hendrerit Rd.,Nissan,Canada,86455,4,$4.67,GDF31YEN1GL,No,Yes,05/03/2022,No,google,Internacional,86455GDF31YEN1GL,
Signe Bryan,(514) 216-5786,ut.molestie.in@outlook.org,937-535 Quam Av.,Volvo,Germany,173325,4,$46.56,WUO84YKK8DM,Yes,No,12/11/2021,No,outlook,Internacional,173325WUO84YKK8DM,
Alexa Ratliff,(684) 657-6614,turpis.aliquam@hotmail.edu,4437 Enim St.,Mercedes-Benz,Australia,324452,7,$57.29,HEX71XUV3KG,No,No,07/09/2022,No,hotmail,Internacional,324452HEX71XUV3KG,
Lavinia Wong,1-751-535-7233,augue@google.net,Ap #465-3318 Iaculis Ave,Honda,Sweden,61265,4,$63.27,HXN32YXQ6QU,Yes,Yes,02/18/2023,No,google,Internacional,61265HXN32YXQ6QU,
Morgan Curtis,(287) 631-5417,luctus.aliquet.odio@outlook.couk,"5713 Ullamcorper, Rd.",Ferrari,Indonesia,65044-305,7,$26.87,EBY84NFA5OW,Yes,Yes,11/17/2022,,,,,
Tad Torres,(276) 840-6247,arcu.sed@icloud.couk,848-8650 Vulputate St.,Renault,Brazil,6005,5,$35.37,XHJ81AJM8SW,Yes,No,03/20/2023,No,icloud,Internacional,6005XHJ81AJM8SW,
Gregory Stein,(361) 471-3818,venenatis.lacus.etiam@protonmail.edu,"P.O. Box 814, 6041 Sagittis. Avenue",Audi,Poland,L02 6ET,10,$36.95,KDS51DYC7DU,Yes,No,05/07/2022,,,,,
Camille Mayer,(552) 424-8777,dictum.mi@hotmail.edu,7204 Nonummy. Rd.,BMW,Indonesia,092720,6,$85.47,DLT42YKJ5HQ,Yes,Yes,02/03/2022,Yes,hotmail,Internacional,092720DLT42YKJ5HQ,
Hyatt Mckay,(815) 516-2718,neque.nullam@yahoo.edu,Ap #117-4608 Malesuada Avenue,Mercedes-Benz,Australia,216323,7,$3.71,WPD85GMN4OX,No,Yes,04/22/2023,No,yahoo,Internacional,216323WPD85GMN4OX,
Kelsey Gay,(632) 164-4424,iaculis.quis@hotmail.net,Ap #850-5199 Suspendisse Av.,Volkswagen,Chile,65-84,5,$37.80,BOH46QXD3PK,Yes,No,06/03/2023,,,,,
Ronan Vang,(245) 858-2053,quis.massa@aol.org,"Ap #876-2598 In, Av.",Nissan,Nigeria,183889,10,$13.08,QKW01FYF4JG,No,No,11/14/2022,No,aol,Internacional,183889QKW01FYF4JG,
Brett Church,(349) 268-9127,donec.consectetuer.mauris@outlook.org,896-4755 Duis St.,Audi,Canada,8302,9,$72.20,JHY78MYC2FQ,No,No,10/14/2021,No,outlook,Internacional,8302JHY78MYC2FQ,
Jacob Patton,1-143-765-6255,nec.luctus@google.ca,Ap #195-479 Suspendisse Rd.,BMW,Colombia,22014,5,$11.09,CCC37PKP1NR,No,No,03/27/2022,No,google,Internacional,22014CCC37PKP1NR,
Emmanuel Casey,1-558-842-1178,malesuada.fames@hotmail.edu,Ap #680-8732 Nibh. Rd.,Volkswagen,Italy,728125,3,$5.16,HKH01PKE6PJ,Yes,Yes,12/17/2022,No,hotmail,Internacional,728125HKH01PKE6PJ,
Conan Noble,1-536-724-3781,commodo.ipsum@protonmail.org,263-2138 Mi Ave,Mazda,Vietnam,28706-227,3,$81.85,LJW45EPB1QD,No,Yes,09/22/2023,,,,,
Cynthia Pitts,1-315-872-6344,dictum.magna@yahoo.net,1581 Enim. Ave,Ferrari,Netherlands,245537,1,$0.47,DCF96FLL1IM,No,No,08/07/2023,No,yahoo,Internacional,245537DCF96FLL1IM,
Wallace Schwartz,1-802-243-3661,orci.phasellus.dapibus@aol.com,504-1812 Venenatis Ave,Renault,Singapore,8352,9,$5.91,QBD21EXW6OL,No,Yes,02/20/2023,No,aol,Internacional,8352QBD21EXW6OL,
Asher Charles,1-925-445-3032,neque.non@outlook.edu,Ap #871-4510 Orci Rd.,Ford,Australia,66020-589,3,$14.96,YCT34KKM8TF,Yes,No,10/16/2022,,,,,
Maile Delacruz,1-473-731-7780,aliquam@outlook.net,Ap #236-8388 In Av.,Ford,Australia,757165,7,$80.11,YAN99YYP4OX,Yes,Yes,10/23/2022,No,outlook,Internacional,757165YAN99YYP4OX,
Chandler Lucas,(845) 254-6470,vestibulum@aol.edu,787-2459 Donec Rd.,BMW,Pakistan,7183,3,$59.99,UFJ12ODY4CC,No,Yes,09/16/2023,No,aol,Internacional,7183UFJ12ODY4CC,
Marshall Bullock,1-549-720-4866,gravida.mauris@yahoo.ca,"P.O. Box 892, 5236 Pellentesque Rd.",Mazda,Costa Rica,467811,2,$50.43,CCQ59XMT1BJ,No,Yes,07/12/2022,No,yahoo,Internacional,467811CCQ59XMT1BJ,
Heather Malone,1-911-465-6402,vitae.dolor.donec@google.edu,Ap #668-7413 Sed Street,Honda,Pakistan,6412,3,$77.21,KKZ46IHT0DU,Yes,Yes,09/29/2022,No,google,Internacional,6412KKZ46IHT0DU,
Moana Mcdonald,(803) 513-6116,interdum.feugiat@protonmail.com,"P.O. Box 983, 272 Lorem Road",Ford,New Zealand,82-46,10,$18.75,QYT43OOK2RR,No,No,02/11/2023,,,,,
Shay Golden,(635) 735-6648,vitae@outlook.net,Ap #489-1279 Egestas Av.,Honda,Philippines,395457,1,$37.70,SPF66HOE6LH,No,Yes,10/15/2021,No,outlook,Internacional,395457SPF66HOE6LH,
Anthony Sweet,1-468-745-7185,magna@aol.edu,"Ap #122-6053 Non, Avenue",Ford,Italy,61437,8,$76.82,MAP96NYF2XK,Yes,No,12/24/2021,No,aol,Internacional,61437MAP96NYF2XK,
Raya Mullins,1-581-751-1455,senectus.et.netus@aol.ca,5433 Pede. Avenue,Mercedes-Benz,Costa Rica,51254,7,$50.68,LVI68TEQ7GH,Yes,Yes,03/22/2023,No,aol,Internacional,51254LVI68TEQ7GH,
Hedwig Terrell,1-688-347-4720,leo.cras.vehicula@yahoo.org,109-6791 Semper St.,Volvo,Turkey,9479,1,$55.04,FRF87GPX3TD,No,No,09/20/2023,No,yahoo,Internacional,9479FRF87GPX3TD,
Bell Noel,1-623-409-2847,scelerisque.sed@outlook.net,Ap #659-3666 Orci. Avenue,Mazda,Colombia,943126,10,$29.78,BWD29AXH3DI,Yes,No,01/26/2023,No,outlook,Internacional,943126BWD29AXH3DI,
Valentine Bass,(495) 379-5503,nonummy.ultricies.ornare@hotmail.com,Ap #374-5528 Primis Ave,Volvo,Peru,556476,5,$17.72,LSN83XTI7YQ,Yes,Yes,10/14/2022,No,hotmail,Internacional,556476LSN83XTI7YQ,
Jocelyn Warren,1-352-525-2837,aenean.eget@icloud.com,2836 Amet Street,Ferrari,Peru,18166,6,$78.90,MHC14HKO2FX,Yes,Yes,09/26/2023,No,icloud,Internacional,18166MHC14HKO2FX,
Bell Conrad,1-394-542-8574,eget.lacus@outlook.ca,"P.O. Box 172, 5605 At, Road",Ford,South Korea,P4 4SM,2,$14.57,RNE33YSO7BN,Yes,No,05/16/2022,,,,,
Emerson Douglas,(338) 272-8120,elit.curabitur@google.couk,610-8623 Eleifend. St.,Mazda,Australia,M7 2DE,6,$96.23,MEO65PQJ3RU,Yes,No,09/28/2023,,,,,
Kuame Weaver,1-538-318-6549,eu.augue@protonmail.couk,Ap #680-8583 Lacus Rd.,Renault,Germany,H58 3RN,1,$81.68,WZC11NDL9BB,Yes,No,07/23/2022,,,,,
Mohammad Delgado,1-735-741-9246,ipsum.dolor@icloud.ca,716-1100 A Av.,Nissan,Turkey,20561,1,$53.03,SOW81ZWE3GL,No,No,03/21/2022,No,icloud,Internacional,20561SOW81ZWE3GL,
Britanni Ashley,(611) 538-4978,nullam@google.edu,3912 In Road,BMW,South Korea,170274,8,$96.31,FLH75UUS3HB,Yes,Yes,06/08/2022,Yes,google,Internacional,170274FLH75UUS3HB,
Arsenio Noble,(610) 658-2544,nisi.cum@google.ca,5020 Duis Avenue,Mercedes-Benz,Germany,62-568,1,$88.03,QJR46JJA4VG,Yes,No,04/21/2023,,,,,
Davis Beasley,1-557-819-5409,aliquam@protonmail.net,"P.O. Box 510, 6414 Turpis St.",Renault,Colombia,4254,8,$8.59,HNR65FEC6TC,Yes,No,01/06/2023,No,protonmail,Internacional,4254HNR65FEC6TC,
Rhona Woodard,(287) 814-8468,nulla.dignissim@aol.net,121-1010 Eleifend Avenue,Mazda,South Africa,3372,1,$96.43,KHJ16SPJ6QG,No,Yes,08/09/2023,Yes,aol,Internacional,3372KHJ16SPJ6QG,
Chaim Shelton,(646) 378-1871,magnis.dis@protonmail.ca,"Ap #793-6466 Dui, Rd.",Volkswagen,Ireland,8164,7,$66.93,ZPP67XKG1KE,Yes,Yes,08/11/2022,No,protonmail,Internacional,8164ZPP67XKG1KE,
Joshua Bell,1-867-331-5085,dolor.nonummy@hotmail.edu,Ap #770-7088 Nulla Street,Renault,China,252228,4,$11.78,EJP58XMI2OJ,Yes,No,12/23/2022,No,hotmail,Internacional,252228EJP58XMI2OJ,
Jana Castro,(411) 239-8132,cursus@protonmail.org,8156 Imperdiet Rd.,Audi,Colombia,473844,9,$72.64,HTZ72SIG0GR,Yes,Yes,11/15/2022,No,protonmail,Internacional,473844HTZ72SIG0GR,
Amela Potter,(862) 755-8873,vulputate.velit@aol.com,"P.O. Box 629, 4440 Aliquet, Av.",Renault,Belgium,3216-9834,2,$68.74,CFY87QCF9PT,Yes,No,07/06/2023,,,,,
Lenore Mccarthy,(583) 818-9493,sed.molestie@aol.net,Ap #115-2574 Per Road,Honda,Poland,Y4E 5N8,9,$82.50,UDJ17ZXG6IR,No,No,10/15/2021,,,,,
Francesca Mason,(466) 574-4915,facilisis.suspendisse@hotmail.org,317-3980 Hendrerit Rd.,Honda,Italy,85164,7,$87.02,JZH29NDB7PC,No,Yes,10/02/2022,Yes,hotmail,Internacional,85164JZH29NDB7PC,
Uta Robbins,1-201-887-3443,morbi.tristique@protonmail.org,"P.O. Box 513, 5192 Euismod St.",Ford,Peru,94058-154,2,$33.56,CUI67WQR3GK,No,Yes,07/09/2023,,,,,
Dante Herring,(284) 896-5240,nulla.eget@outlook.couk,"P.O. Box 385, 7374 Lectus Road",Ford,Germany,9156,8,$0.20,NFF21HUG2CI,No,Yes,08/25/2023,No,outlook,Internacional,9156NFF21HUG2CI,
Tanner Ware,1-652-620-1751,maecenas@outlook.ca,"6042 A, Road",Volvo,Turkey,651767,2,$48.03,WQJ38MOI8PP,Yes,Yes,11/22/2022,No,outlook,Internacional,651767WQJ38MOI8PP,
Rina Montgomery,(387) 547-1321,lectus.quis.massa@aol.org,"P.O. Box 116, 2220 In Road",Mercedes-Benz,Canada,276314,0,$29.16,TWQ42FXK8GT,Yes,Yes,03/05/2022,No,aol,Internacional,276314TWQ42FXK8GT,
Ulric Romero,(258) 297-2775,interdum.feugiat@icloud.net,"P.O. Box 591, 6705 A, Road",Mazda,China,91077,0,$35.36,CXY75SUC4XL,No,No,03/23/2022,No,icloud,Internacional,91077CXY75SUC4XL,
Aspen Ashley,(613) 729-9738,elementum@yahoo.couk,"Ap #289-7525 Amet, Avenue",Mazda,India,2026,6,$80.26,OTV66ZKN1FZ,No,No,04/08/2023,No,yahoo,Internacional,2026OTV66ZKN1FZ,
Devin Battle,(625) 625-6474,lorem.ipsum@protonmail.couk,547-3451 In St.,Mercedes-Benz,Ireland,87-87,3,$27.73,LFQ53JEJ7LA,Yes,No,02/20/2022,,,,,
Ashely Baird,1-357-476-0274,sit.amet@yahoo.ca,"P.O. Box 228, 9524 Et Av.",Nissan,Italy,3625,0,$97.78,XLC53IJH4RE,No,Yes,06/14/2022,Yes,yahoo,Internacional,3625XLC53IJH4RE,
Dora Stevens,(465) 853-8662,id.erat.etiam@outlook.ca,580-1173 Amet Rd.,Mazda,South Africa,82532-77179,7,$10.61,LIQ37FYZ2WW,No,Yes,02/03/2022,,,,,
Hayes Dunn,(571) 352-8749,ipsum.donec.sollicitudin@aol.net,"8155 Aliquam, St.",Nissan,Italy,59-863,5,$19.20,IVB87QJY5VK,No,No,04/06/2023,,,,,
Sage Mathis,1-974-790-6195,ridiculus@protonmail.edu,Ap #621-2189 Ullamcorper Rd.,Nissan,China,986857,2,$46.72,QUK20NOO7UO,No,Yes,04/30/2022,No,protonmail,Internacional,986857QUK20NOO7UO,
Clare Knight,1-721-142-5562,donec.sollicitudin@yahoo.ca,Ap #148-6565 Lacus. Avenue,Ferrari,Norway,QA1 4DB,7,$89.97,FFP23ODD6WQ,Yes,No,09/21/2022,,,,,
Lionel Kelley,1-466-524-2602,lorem.eget@yahoo.ca,Ap #931-208 Vivamus St.,Volvo,Belgium,58727,8,$4.42,KHW30ZYC6LC,Yes,Yes,10/26/2021,No,yahoo,Internacional,58727KHW30ZYC6LC,
Burton Leblanc,(599) 738-5984,augue.porttitor.interdum@icloud.org,Ap #848-4262 Risus. Av.,Renault,Germany,182253,7,$45.84,GFG65ABF7KR,Yes,No,05/11/2023,No,icloud,Internacional,182253GFG65ABF7KR,
Barclay Sykes,(748) 475-3746,in@protonmail.ca,193-757 Lorem Av.,Audi,Turkey,6886,1,$22.73,CHP45RTQ2UX,Yes,Yes,10/14/2022,No,protonmail,Internacional,6886CHP45RTQ2UX,
Lilah Cooley,1-564-447-6266,et.rutrum@google.ca,Ap #594-3094 Sed St.,Audi,New Zealand,613582,3,$88.18,RLH35GNW6TT,No,No,10/18/2022,Yes,google,Internacional,613582RLH35GNW6TT,
Clark Jimenez,1-120-416-8125,mollis@aol.net,435-6333 Euismod Rd.,Renault,Brazil,TX5P 3DX,7,$95.51,RVX86CQP5MB,Yes,No,08/13/2023,,,,,
Heather Chen,1-363-248-2255,arcu.eu@hotmail.org,Ap #905-4408 Gravida St.,Mazda,South Africa,8844,8,$42.88,IWY94EJE7EG,Yes,Yes,04/11/2023,No,hotmail,Internacional,8844IWY94EJE7EG,
Kerry Collins,(836) 785-5655,vitae.aliquet.nec@outlook.org,"P.O. Box 200, 7209 Ullamcorper Rd.",Renault,Singapore,693216,7,$98.57,OJC93ONN1OT,No,No,10/17/2021,Yes,outlook,Internacional,693216OJC93ONN1OT,
Dara Tran,(762) 864-8140,donec.tincidunt@outlook.couk,"Ap #270-3833 Pharetra, Road",Ferrari,Sweden,134954,3,$91.72,QAP96PII1PI,Yes,No,09/17/2022,Yes,outlook,Internacional,134954QAP96PII1PI,
Judith Gilbert,(952) 254-1474,velit.sed.malesuada@yahoo.com,236-2221 Imperdiet Rd.,Renault,France,71466-56317,0,$18.84,QYQ86DNJ6ML,Yes,No,09/14/2022,,,,,
Blaze Burton,(860) 767-2735,vitae.velit.egestas@outlook.couk,464-3487 Ligula Avenue,Audi,Spain,6811,8,$40.05,PTZ14QBT6LA,No,No,09/08/2021,No,outlook,Internacional,6811PTZ14QBT6LA,
Tanisha Reynolds,(341) 877-3181,arcu.eu@protonmail.edu,8073 Eu Av.,Mercedes-Benz,Brazil,4683,5,$10.31,PKR52TPX3XR,No,Yes,10/20/2022,No,protonmail,Internacional,4683PKR52TPX3XR,
Christine Mcclain,(293) 511-6884,nullam.nisl.maecenas@google.edu,Ap #621-7978 Lorem St.,Nissan,Norway,373681,7,$66.91,PCD45KSC2CD,No,No,04/21/2023,No,google,Internacional,373681PCD45KSC2CD,
Peter Carey,1-682-553-4082,aliquet.diam@hotmail.ca,Ap #106-7423 Id Ave,Volvo,Sweden,418155,5,$90.61,UMY23NBI2HE,No,Yes,01/08/2023,Yes,hotmail,Internacional,418155UMY23NBI2HE,
India Mccormick,(787) 855-8755,mauris.magna@protonmail.org,"P.O. Box 647, 2566 Egestas. Rd.",Honda,Norway,5488,4,$78.63,CGM44PCS2HI,Yes,No,11/23/2021,No,protonmail,Internacional,5488CGM44PCS2HI,
Teagan Pierce,1-862-348-0362,pulvinar.arcu@yahoo.edu,7223 Feugiat. St.,BMW,United States,2686,9,$1.58,HVG52YXB9OP,No,No,02/21/2022,No,yahoo,Local,2686HVG52YXB9OP,
Melodie Roth,1-882-757-7974,magna@outlook.ca,"762-3670 Eu, Rd.",Honda,Ireland,46762,8,$96.08,YKR28ATA7BS,Yes,Yes,06/07/2023,Yes,outlook,Internacional,46762YKR28ATA7BS,
Cara Aguilar,1-878-554-6854,interdum.curabitur@outlook.org,693-1061 Enim. St.,Volkswagen,Netherlands,02611,8,$84.34,UWI87LQH9VM,Yes,No,09/29/2023,Yes,outlook,Internacional,02611UWI87LQH9VM,
Rhona Owens,1-726-486-7333,consectetuer.ipsum.nunc@outlook.edu,"P.O. Box 325, 4674 Mi Street",Volkswagen,Turkey,37026,6,$86.56,VCS24XXC0ZT,No,No,08/22/2022,Yes,outlook,Internacional,37026VCS24XXC0ZT,
Armand Chambers,(232) 882-3344,sapien.cras@hotmail.ca,Ap #587-6585 Quam. Street,Audi,Vietnam,870783,3,$42.17,WJX57SVR6TB,No,No,03/09/2023,No,hotmail,Internacional,870783WJX57SVR6TB,
Gabriel Cantu,(911) 111-7294,feugiat.placerat@hotmail.com,302-232 Tellus. Avenue,Audi,Pakistan,1988-3183,10,$46.71,QDA13HQC6ET,Yes,Yes,09/27/2022,,,,,
Burke Thomas,(564) 447-6224,imperdiet.dictum@aol.ca,Ap #953-8343 Tortor. Rd.,Mazda,France,74755,4,$63.80,PXP36IPK6JF,No,Yes,11/22/2021,No,aol,Internacional,74755PXP36IPK6JF,
Halee Mccray,1-965-584-6766,morbi.non@protonmail.ca,"P.O. Box 424, 4048 Orci. Ave",Nissan,New Zealand,2014,8,$2.39,FIH87UVN2CR,No,Yes,08/18/2022,No,protonmail,Internacional,2014FIH87UVN2CR,
Victoria Carlson,1-815-618-2712,aliquam@yahoo.net,986-4400 Adipiscing Street,Volkswagen,South Africa,683448,2,$64.40,DSC90KDS5XK,No,Yes,10/17/2021,No,yahoo,Internacional,683448DSC90KDS5XK,
Mohammad Allison,(907) 698-5887,ligula.nullam.enim@icloud.net,"Ap #626-7021 A, St.",Mercedes-Benz,Norway,5618,2,$34.61,DCQ56LQQ7MV,Yes,Yes,12/01/2021,No,icloud,Internacional,5618DCQ56LQQ7MV,
Ivy Shepard,1-430-867-7443,ante.blandit.viverra@outlook.org,3823 Magna Av.,Mazda,China,76715,3,$30.25,HSD33DSC8BY,No,No,10/17/2022,No,outlook,Internacional,76715HSD33DSC8BY,
Adam Lynn,(521) 165-3518,erat.nonummy@aol.com,"Ap #144-1515 Aliquam, Road",Volkswagen,Spain,5764 ZG,2,$10.94,BOP88IPM1XY,Yes,No,03/10/2023,,,,,
Darryl Morin,1-305-714-4256,gravida.aliquam@yahoo.couk,169-5554 Venenatis Road,BMW,Turkey,71-72,3,$2.87,TDE85UPP6EE,No,No,06/04/2022,,,,,
Russell Rosario,(457) 383-8964,ornare.lectus@outlook.com,8113 Arcu. St.,Nissan,Germany,20868-960,3,$57.68,KPF67TGJ6LM,No,Yes,05/15/2022,,,,,
Keegan Aguilar,(344) 757-9244,ac@hotmail.couk,981-9984 Commodo Ave,BMW,Russian Federation,50100,1,$51.06,KXQ81WXH7TK,Yes,Yes,04/21/2023,No,hotmail,Internacional,50100KXQ81WXH7TK,
Ronan Houston,(323) 281-6633,libero@yahoo.edu,2091 Bibendum. St.,Ferrari,China,892561,2,$0.25,RNR80WYI3QI,No,No,10/16/2022,No,yahoo,Internacional,892561RNR80WYI3QI,
Hammett Wyatt,(946) 232-0537,risus.in.mi@hotmail.org,Ap #162-8189 Fringilla St.,Audi,South Africa,7958,3,$31.46,RXH89NKG6HE,No,Yes,02/22/2022,No,hotmail,Internacional,7958RXH89NKG6HE,
Phillip Armstrong,(271) 516-6416,penatibus@icloud.com,852-8292 Donec Street,BMW,China,10423,2,$9.31,LMZ75SIH1YB,No,No,10/02/2022,No,icloud,Internacional,10423LMZ75SIH1YB,
Quinn Burgess,(202) 689-6051,donec.elementum@outlook.com,Ap #998-8458 Hendrerit Rd.,Mercedes-Benz,Colombia,50841,1,$13.81,YGF93LFY7JQ,Yes,No,02/17/2023,No,outlook,Internacional,50841YGF93LFY7JQ,
Clare Payne,(554) 932-3467,ipsum.porta@aol.org,Ap #538-1361 Turpis. St.,Honda,Russian Federation,759736,3,$58.32,ZYE44RQK4TW,Yes,No,04/21/2022,No,aol,Internacional,759736ZYE44RQK4TW,
Audra Tucker,(483) 457-4425,ante@google.org,635-4206 Dolor. Rd.,Volkswagen,Spain,1384-8902,4,$49.55,ZKW23CRQ1OZ,Yes,Yes,09/29/2023,,,,,
Cullen Harris,1-273-160-3331,donec@protonmail.net,138-5215 Sem St.,Ferrari,Indonesia,78-54,1,$1.18,SNK24SVQ7WQ,No,Yes,12/22/2021,,,,,
Jescie Hobbs,1-286-588-3213,ornare.tortor@yahoo.couk,Ap #935-725 Pede Ave,Audi,Indonesia,8855,5,$34.00,ARX55TBS4FK,Yes,Yes,03/21/2022,No,yahoo,Internacional,8855ARX55TBS4FK,
Shelly Hendrix,1-350-387-3876,mauris.erat.eget@protonmail.couk,820-9510 Ac Street,Ford,Ukraine,20918,2,$52.82,DCT17EEE5NU,Yes,Yes,07/16/2022,No,protonmail,Internacional,20918DCT17EEE5NU,
Jorden Mcbride,(470) 442-4886,phasellus.dolor.elit@outlook.net,9419 In Road,Renault,United Kingdom,308582,8,$68.23,CDB17YHT8RK,Yes,Yes,04/17/2022,No,outlook,Internacional,308582CDB17YHT8RK,
Odessa Rice,(993) 547-5452,at.fringilla.purus@yahoo.org,Ap #448-3617 Eget Rd.,Ford,Singapore,6531-6805,0,$67.71,LWX02LIB8TY,Yes,Yes,07/15/2023,,,,,
Erica Rowland,(696) 436-8825,neque@outlook.couk,821-1746 A Road,Ford,Italy,73736,9,$52.15,ATZ39ODJ6GV,No,Yes,07/23/2022,No,outlook,Internacional,73736ATZ39ODJ6GV,
Winifred Branch,1-167-277-2450,hymenaeos.mauris.ut@aol.com,"P.O. Box 863, 8979 Elementum St.",Volvo,Sweden,4656,6,$52.06,MSX33XNU0WH,Yes,No,03/21/2023,No,aol,Internacional,4656MSX33XNU0WH,
Gisela Mcdonald,1-205-469-0146,sem.ut@icloud.org,580-6507 Justo. Rd.,Renault,Pakistan,45754-51394,8,$32.91,LTC42RSR7RB,No,No,12/28/2021,,,,,
Asher Lane,(468) 634-7272,ornare.libero@protonmail.couk,684-7735 Quis St.,Mercedes-Benz,Canada,7524,8,$62.31,BXL41RZV5YI,Yes,No,02/19/2023,No,protonmail,Internacional,7524BXL41RZV5YI,
Oscar Sawyer,1-814-137-3133,per@google.edu,"P.O. Box 606, 7221 Phasellus St.",Ferrari,Chile,10686,1,$79.57,GOW18NET7YJ,Yes,No,02/28/2023,No,google,Internacional,10686GOW18NET7YJ,
Freya Freeman,(767) 603-6673,risus.odio@outlook.couk,"Ap #789-401 Ultrices, Av.",Volkswagen,Austria,99774,2,$32.47,TVZ43POW5CO,No,Yes,08/09/2023,No,outlook,Internacional,99774TVZ43POW5CO,
Burton Trujillo,1-676-854-6826,est.mauris@hotmail.net,"P.O. Box 893, 422 Sed St.",Audi,Ukraine,73-33,3,$15.20,XQI72GQC6SZ,No,No,08/31/2022,,,,,
Miriam Howard,1-525-587-1524,pellentesque.tincidunt@protonmail.ca,"625-3659 Est, St.",Mazda,Italy,82016,9,$16.36,EEP48ITR2VZ,Yes,No,08/24/2023,No,protonmail,Internacional,82016EEP48ITR2VZ,
Ishmael Lynn,1-277-554-7212,et.eros.proin@yahoo.org,Ap #586-3731 Odio Road,Ferrari,Ukraine,917790,8,$47.85,RDH63AYP0HH,Yes,Yes,06/27/2022,No,yahoo,Internacional,917790RDH63AYP0HH,
Reuben Foley,(798) 255-1943,erat.neque@protonmail.ca,4344 Duis Av.,Ferrari,Colombia,A2C 2H1,9,$74.12,FWM56YGK8GV,Yes,Yes,09/14/2021,,,,,
Darius Rosales,1-228-696-2931,mus.proin.vel@hotmail.net,"P.O. Box 132, 877 Nascetur St.",Volkswagen,Netherlands,7218,0,$36.51,WYL41IVD7DP,No,No,04/10/2022,No,hotmail,Internacional,7218WYL41IVD7DP,
Hiram Drake,1-880-342-8081,natoque@hotmail.couk,143-8871 Nonummy Road,Ford,Ukraine,36785,3,$9.14,UFR35OXJ5XR,No,Yes,01/28/2023,No,hotmail,Internacional,36785UFR35OXJ5XR,
Madeline Wiggins,1-286-786-3828,faucibus.orci@aol.edu,494-8106 Turpis. Avenue,Volkswagen,United Kingdom,4575,1,$68.99,WSK61WYX3PB,No,No,02/10/2022,No,aol,Internacional,4575WSK61WYX3PB,
Lacota Morgan,1-336-824-8932,mattis.velit.justo@google.net,114-7532 Molestie Rd.,BMW,Italy,12213,7,$16.89,QNF31PWP8YI,Yes,Yes,02/07/2022,No,google,Internacional,12213QNF31PWP8YI,
Imogene Wallace,(592) 908-9912,penatibus.et.magnis@google.couk,Ap #238-9106 Semper St.,Volkswagen,United Kingdom,7196-4314,0,$82.18,EBO48KWI5PC,Yes,Yes,10/24/2021,,,,,
Asher Tran,1-713-675-3718,nunc@aol.edu,997-133 Cras Street,Ford,Vietnam,51-821,5,$86.22,SBS91HTK7YU,No,No,04/08/2022,,,,,
Raya Goodman,(885) 567-4869,donec.nibh@aol.ca,842-8675 Eu St.,Nissan,Netherlands,48369,4,$69.71,ZRE24JDA8SE,No,Yes,04/27/2022,No,aol,Internacional,48369ZRE24JDA8SE,
Mercedes Frank,1-138-226-0786,quis.tristique@outlook.ca,802-6783 Ligula. Avenue,BMW,Sweden,3962,10,$51.29,KBH18KGI6PY,No,Yes,09/21/2023,No,outlook,Internacional,3962KBH18KGI6PY,
Shad Waller,(842) 233-6758,vel@google.org,Ap #688-6582 Ac Street,Honda,Vietnam,852401,2,$74.67,QBN87TUS4RP,No,Yes,04/07/2023,No,google,Internacional,852401QBN87TUS4RP,
Portia Hunter,1-861-676-7432,donec.nibh@hotmail.com,"P.O. Box 453, 5265 Ac Avenue",Renault,India,4540,5,$73.93,DYK18MCG8SF,Yes,Yes,04/21/2023,No,hotmail,Internacional,4540DYK18MCG8SF,
Celeste Mcpherson,(805) 721-4323,ipsum.primis.in@icloud.org,"Ap #839-6501 Fringilla, Ave",Renault,Italy,43088-344,3,$46.49,XHX64ARV2WD,Yes,Yes,07/10/2022,,,,,
Acton Abbott,(172) 968-2771,ut.sem@icloud.com,864-8992 Consectetuer Rd.,Ford,New Zealand,476843,5,$48.46,SXH18GPH0II,Yes,No,10/16/2021,No,icloud,Internacional,476843SXH18GPH0II,
Leonard Calderon,1-489-592-2667,dictum@google.edu,217-3551 Eros Street,BMW,Italy,729865,8,$49.31,JCE87HPS5BK,Yes,No,04/01/2022,No,google,Internacional,729865JCE87HPS5BK,
Isaac Snyder,1-666-548-3240,ipsum.dolor.sit@icloud.com,Ap #903-3202 Commodo Av.,Honda,Singapore,94208,3,$97.80,XIF91SEF5RI,Yes,No,03/08/2023,Yes,icloud,Internacional,94208XIF91SEF5RI,
Paul Chaney,1-686-594-2349,a@yahoo.net,910-2559 Dictum Ave,Renault,Sweden,9924 WB,7,$78.00,LQW14CDW2MV,No,Yes,06/06/2023,,,,,
Sophia Mayo,(333) 786-2863,fames.ac@protonmail.couk,Ap #319-2299 Libero Avenue,Volvo,Colombia,4523,2,$46.83,MPR60THL4QI,Yes,Yes,02/24/2023,No,protonmail,Internacional,4523MPR60THL4QI,
Rylee Wooten,1-836-542-6646,lectus.sit.amet@protonmail.net,997-446 Purus. Ave,Renault,Mexico,48374,0,$6.23,OOP43PDA0JD,Yes,No,01/02/2023,No,protonmail,Internacional,48374OOP43PDA0JD,
Vincent Jacobs,1-403-947-6259,lorem.vitae@outlook.couk,126-2034 Interdum. Ave,Mazda,Ukraine,38928,6,$92.80,HKF80III2UL,No,No,03/25/2022,Yes,outlook,Internacional,38928HKF80III2UL,
Neil Bell,1-482-944-6219,elit.sed@hotmail.org,279-8790 Mollis. Rd.,Nissan,France,515417,1,$12.82,RRR92JEI1SY,Yes,Yes,09/16/2022,No,hotmail,Internacional,515417RRR92JEI1SY,
Alea Ochoa,1-408-948-4101,accumsan.neque@outlook.ca,"P.O. Box 588, 1977 Non St.",Nissan,Brazil,610326,7,$73.40,ORC36YFR4KS,No,No,05/17/2023,No,outlook,Internacional,610326ORC36YFR4KS,
Upton Ware,(737) 663-4374,egestas@hotmail.edu,Ap #361-3778 Cursus Road,Honda,Norway,HF6C 2LI,2,$78.42,NUP37QVL2WT,Yes,Yes,09/12/2022,,,,,
Bertha Hull,1-434-422-0908,felis.nulla.tempor@google.edu,Ap #200-581 Velit. Street,Volkswagen,South Africa,4786-9341,1,$50.48,LLM57JCD5PF,No,No,11/14/2022,,,,,
Kuame Peters,1-656-786-5600,mollis.integer@hotmail.org,"Ap #497-3436 Ornare, Ave",Ferrari,Pakistan,23-18,6,$52.17,KVV15UDB7OQ,No,No,05/10/2023,,,,,
Chase Horn,1-958-459-8424,nisi.magna@protonmail.net,"Ap #894-6519 Aliquet, St.",Mercedes-Benz,Poland,62055,7,$7.11,HZD91VDD9OG,No,Yes,07/19/2023,No,protonmail,Internacional,62055HZD91VDD9OG,
Vielka Dillon,(297) 261-6963,convallis.convallis@google.ca,"P.O. Box 964, 2146 Cubilia St.",Nissan,Ireland,29-79,2,$49.96,ICI47WJR2MO,No,Yes,10/06/2022,,,,,
Gage Howell,1-762-880-3812,donec.feugiat@google.net,8095 Nisi. Av.,Honda,Mexico,44-39,0,$37.94,KTW47OIE4CT,Yes,No,01/13/2022,,,,,
Quin Emerson,(688) 409-4517,sit.amet@outlook.org,"Ap #715-5996 Ut, St.",Honda,Brazil,8153,4,$3.67,OHE15GIS2LS,Yes,No,05/17/2022,No,outlook,Internacional,8153OHE15GIS2LS,
Aladdin Lynn,1-283-557-4356,duis.ac.arcu@hotmail.com,"P.O. Box 403, 9688 Consectetuer Rd.",Volvo,France,66581,7,$91.10,OTR43NHI1WL,No,Yes,09/23/2022,Yes,hotmail,Internacional,66581OTR43NHI1WL,
Eric Britt,(372) 769-8817,malesuada.fames.ac@outlook.edu,"P.O. Box 545, 5444 Nullam Rd.",Renault,Colombia,677315,5,$43.23,OKC79EXJ5JC,Yes,No,03/16/2022,No,outlook,Internacional,677315OKC79EXJ5JC,
Madaline Moss,(576) 660-7403,cras@icloud.org,425-9254 Vulputate Av.,BMW,Pakistan,7736,3,$40.40,URU66UNT2JU,Yes,Yes,04/02/2023,No,icloud,Internacional,7736URU66UNT2JU,
Odette Rutledge,(751) 743-1769,varius@yahoo.ca,7299 Mattis Av.,Renault,Nigeria,w3J 2W2,7,$41.79,LQG66GRK3UY,Yes,Yes,08/24/2022,,,,,
Sasha Davidson,(966) 516-7673,phasellus.elit@icloud.edu,611-2519 Hendrerit Av.,Ferrari,New Zealand,33651,7,$6.26,UKJ90EMI3EI,Yes,No,05/17/2023,No,icloud,Internacional,33651UKJ90EMI3EI,
Penelope Brock,1-268-647-7923,massa.rutrum@icloud.com,Ap #561-3035 Praesent Street,Honda,Ireland,5828-1783,2,$68.74,OFY33GDV4JX,No,No,12/27/2022,,,,,
Latifah Parks,(315) 461-2626,tellus@hotmail.ca,5259 Sociis Road,Ford,Ireland,451881,1,$54.26,HTV47SEA1JU,No,Yes,10/21/2022,No,hotmail,Internacional,451881HTV47SEA1JU,
Forrest Henry,1-554-546-3844,aenean.gravida@icloud.edu,Ap #979-2760 Amet St.,Mercedes-Benz,Russian Federation,644913,9,$1.50,GRD45PFL1XO,No,No,02/22/2023,No,icloud,Internacional,644913GRD45PFL1XO,
Mari Molina,1-634-134-4572,mauris.morbi.non@protonmail.com,"P.O. Box 743, 9461 Mi Road",Ford,France,54383,6,$59.30,PDB24JRT7EH,Yes,No,09/08/2023,No,protonmail,Internacional,54383PDB24JRT7EH,
Tarik Bishop,1-488-251-4496,proin.vel@hotmail.org,"P.O. Box 493, 2357 Libero Street",Mazda,Germany,7382,6,$38.26,BQW28FIB3ZO,No,No,06/20/2023,No,hotmail,Internacional,7382BQW28FIB3ZO,
Alec Bauer,(775) 688-6833,at.pretium@yahoo.org,758-2375 Nunc Road,Ford,Ukraine,866337,7,$2.35,STH63QWL6FB,Yes,No,02/09/2022,No,yahoo,Internacional,866337STH63QWL6FB,
Janna Fulton,(561) 991-6127,neque.sed@google.org,749-755 Commodo St.,Honda,Peru,81282,3,$40.42,BNY21YAN1IW,No,No,08/15/2022,No,google,Internacional,81282BNY21YAN1IW,
Yoko Rose,(277) 347-6158,egestas@icloud.com,3653 Pellentesque Avenue,Nissan,United States,15891,8,$23.25,OGF10FQT6MT,No,Yes,01/08/2022,No,icloud,Local,15891OGF10FQT6MT,
Abra Knapp,1-265-472-8352,accumsan@yahoo.edu,Ap #398-5792 Consequat Street,Audi,New Zealand,298512,9,$48.41,JMW68QKT0HO,Yes,Yes,07/28/2023,No,yahoo,Internacional,298512JMW68QKT0HO,
Quyn Conner,(205) 558-3082,eget.lacus@icloud.org,128-2517 Congue. St.,Ferrari,Netherlands,631561,3,$44.90,CXM44RMF3HL,No,Yes,11/18/2022,No,icloud,Internacional,631561CXM44RMF3HL,
Russell Warren,1-891-628-6178,amet@hotmail.couk,542-8291 Dolor. Road,Volkswagen,Sweden,01942,2,$44.04,RQG27GEJ4ZE,No,Yes,01/30/2022,No,hotmail,Internacional,01942RQG27GEJ4ZE,
Moses Booth,(254) 631-8153,sociis.natoque@hotmail.net,Ap #102-6724 Ante St.,Volvo,South Korea,183352,4,$16.11,AOX42PAH0YT,Yes,No,10/19/2022,No,hotmail,Internacional,183352AOX42PAH0YT,
Georgia Booth,1-729-368-4666,purus.gravida@hotmail.edu,794-9582 Fermentum Ave,Renault,Russian Federation,246715,4,$48.08,LCN48MFN7VQ,No,Yes,09/21/2023,No,hotmail,Internacional,246715LCN48MFN7VQ,
Nicole Morris,(757) 493-1945,dolor.elit@protonmail.net,"P.O. Box 286, 168 Vivamus Rd.",Nissan,Italy,4678,2,$39.00,XSF73LDC2QK,No,Yes,06/27/2023,No,protonmail,Internacional,4678XSF73LDC2QK,
August Osborne,(658) 824-4509,dui.fusce@outlook.org,428-5927 Tincidunt Street,Mazda,South Africa,72170,3,$69.63,JMH54SVG9FU,No,Yes,05/27/2023,No,outlook,Internacional,72170JMH54SVG9FU,
Kameko Sheppard,1-272-301-1164,et.ipsum@aol.org,Ap #827-9713 Congue Av.,Ford,Costa Rica,25882,6,$51.87,IYO12AUT7DU,Yes,No,02/09/2023,No,aol,Internacional,25882IYO12AUT7DU,
Demetria Sanchez,(312) 871-7371,turpis.in@yahoo.com,Ap #512-5369 Auctor Rd.,Audi,South Korea,4780,9,$61.08,DSN48YTS2BO,No,Yes,09/27/2023,No,yahoo,Internacional,4780DSN48YTS2BO,
Justine Stevenson,1-467-741-1208,lobortis.tellus.justo@protonmail.org,"158-2577 Eu, St.",Renault,Turkey,5629,0,$92.99,KYC47AZK9SK,Yes,Yes,04/17/2023,Yes,protonmail,Internacional,5629KYC47AZK9SK,
Arden Barton,(998) 217-4619,arcu.sed@icloud.edu,"317-521 Nec, Rd.",Nissan,United States,652502,5,$63.01,OUX83EFU2HN,Yes,Yes,05/18/2023,No,icloud,Local,652502OUX83EFU2HN,
Prescott Langley,(893) 166-8567,vitae.posuere.at@icloud.com,759-5913 Egestas Avenue,Renault,India,113620,2,$22.47,SVH63MEN4JK,Yes,No,06/17/2023,No,icloud,Internacional,113620SVH63MEN4JK,
Tobias Mays,1-774-448-4553,eu.erat@yahoo.com,929-2475 Pede. St.,Mazda,Spain,4766,9,$5.14,FEY87EMD0IL,No,Yes,04/07/2022,No,yahoo,Internacional,4766FEY87EMD0IL,
Alden Garza,1-223-135-0033,morbi.non@yahoo.com,6503 Fusce Av.,Volkswagen,Italy,46-115,4,$50.84,PUH21OFQ9BP,Yes,Yes,11/17/2021,,,,,
Leroy Little,1-764-113-1835,tincidunt@yahoo.org,Ap #427-4448 Non Road,Mercedes-Benz,Mexico,7923,5,$59.00,WXE24OHG3KG,Yes,Yes,09/03/2022,No,yahoo,Internacional,7923WXE24OHG3KG,
Seth Humphrey,1-142-859-7400,non.lobortis.quis@aol.ca,236-9340 Vulputate St.,BMW,Chile,317816,8,$54.80,QEV96AZL6HN,Yes,Yes,12/20/2021,No,aol,Internacional,317816QEV96AZL6HN,
Veda Reilly,1-156-704-4600,nunc.lectus@protonmail.edu,Ap #490-6565 Iaculis St.,Mazda,Philippines,351568,0,$88.80,QLQ85SJP1MR,Yes,Yes,06/06/2023,Yes,protonmail,Internacional,351568QLQ85SJP1MR,
Jamalia Huber,(135) 211-2952,varius.nam@icloud.edu,"9263 Ac, Rd.",Honda,Singapore,76524,1,$20.61,TUW36DOE9IG,No,Yes,05/10/2023,No,icloud,Internacional,76524TUW36DOE9IG,
Alice Wright,1-127-608-8267,sed@outlook.couk,529-5240 Tellus Ave,Nissan,Poland,18-364,1,$19.76,UJH75RLS5MF,Yes,No,03/25/2022,,,,,
Ishmael Pearson,1-231-371-1295,sapien.molestie.orci@yahoo.org,"P.O. Box 647, 7981 Ut, Road",Volvo,Turkey,23148,10,$34.92,LBI74OXT4LU,No,Yes,09/11/2022,No,yahoo,Internacional,23148LBI74OXT4LU,
Keith Moran,(101) 548-6673,morbi.accumsan@aol.edu,618-108 Dolor Street,Mazda,Austria,36311,9,$90.06,LEG97VQM9KS,Yes,No,08/26/2022,Yes,aol,Internacional,36311LEG97VQM9KS,
Ivy Keller,1-544-578-3989,nonummy.ultricies@google.com,"9376 Vitae, St.",Nissan,United Kingdom,09556,3,$57.49,OQZ30ZOK7NT,No,No,01/27/2023,No,google,Internacional,09556OQZ30ZOK7NT,
Amal Blake,1-208-547-4847,nunc@protonmail.net,5946 Tristique Rd.,BMW,Russian Federation,10892,6,$54.71,VTB51NSY3RA,Yes,Yes,09/04/2023,No,protonmail,Internacional,10892VTB51NSY3RA,
Sebastian Snyder,1-678-231-3824,velit@protonmail.com,Ap #298-7531 Tincidunt Ave,Audi,South Korea,393259,6,$76.57,LLR82HSD6HS,Yes,Yes,09/29/2023,No,protonmail,Internacional,393259LLR82HSD6HS,
Nadine Mosley,1-156-341-8207,risus.morbi@yahoo.couk,Ap #479-3193 Nulla St.,Honda,India,75-549,8,$54.43,CBF51IJU3WD,Yes,No,07/16/2022,,,,,
Hayley Gordon,1-210-248-2192,nec@protonmail.com,6849 Molestie St.,Ford,Australia,48316,6,$85.94,BWF46JEG8SB,No,Yes,01/16/2022,Yes,protonmail,Internacional,48316BWF46JEG8SB,
Keegan Bradshaw,1-748-306-9368,in.hendrerit.consectetuer@icloud.com,639-7364 Velit Rd.,Mazda,Nigeria,441262,9,$82.93,VMJ43BLP4SS,Yes,Yes,08/05/2023,Yes,icloud,Internacional,441262VMJ43BLP4SS,
Rogan Mcguire,(667) 907-6957,purus.nullam.scelerisque@icloud.org,616 Feugiat Avenue,Volvo,Colombia,6515,8,$91.47,WUX66TWF3FO,No,Yes,02/24/2022,Yes,icloud,Internacional,6515WUX66TWF3FO,
Caldwell Evans,(247) 574-6721,sociosqu.ad.litora@hotmail.ca,Ap #357-796 Neque. Street,Ford,Italy,50118,4,$64.45,CLL92LAO0XS,No,No,10/27/2021,No,hotmail,Internacional,50118CLL92LAO0XS,
Prescott Cherry,(184) 662-2836,ligula.aenean@outlook.ca,Ap #584-5719 Mauris St.,Ferrari,Netherlands,49068,3,$39.32,IUW84IAY4UO,No,Yes,07/11/2022,No,outlook,Internacional,49068IUW84IAY4UO,
Regina Estes,1-520-230-5476,ut@google.net,"P.O. Box 990, 1449 Donec Rd.",Mazda,Turkey,37356-77717,1,$12.24,SWD44RIM0YE,Yes,No,02/08/2022,,,,,
Price Green,1-775-753-6211,blandit.viverra.donec@icloud.couk,"P.O. Box 230, 3731 Et St.",Mercedes-Benz,Chile,22268,2,$94.18,ILX14RTA3ER,Yes,Yes,07/20/2022,Yes,icloud,Internacional,22268ILX14RTA3ER,
Macaulay Howard,1-559-964-5010,libero.dui@aol.ca,1799 Eget Rd.,Volkswagen,Belgium,33165,5,$6.09,PXU87MBT6NF,No,No,03/01/2022,No,aol,Internacional,33165PXU87MBT6NF,
Kellie Vincent,1-873-634-9775,eu.eros@icloud.ca,262-1323 Lobortis Rd.,Volkswagen,United Kingdom,668767,3,$74.56,CLC72IWF8UN,Yes,Yes,09/02/2021,No,icloud,Internacional,668767CLC72IWF8UN,
Simone Schroeder,(278) 342-5766,rutrum.lorem@hotmail.com,"P.O. Box 952, 9143 Morbi Ave",Mazda,Indonesia,19877,1,$81.59,JMV33QWU6TM,No,Yes,03/13/2023,Yes,hotmail,Internacional,19877JMV33QWU6TM,
Alvin Horton,1-342-418-0167,mattis.integer.eu@aol.net,434-3956 In Street,Ferrari,South Korea,A7J 8R4,2,$47.79,UWO94MAI5ZZ,Yes,No,05/12/2023,,,,,
Henry Mack,(651) 214-5071,ipsum.primis@outlook.org,Ap #217-8396 Urna Avenue,Renault,Costa Rica,421008,7,$16.87,URH54OPE0IP,Yes,No,03/12/2023,No,outlook,Internacional,421008URH54OPE0IP,
Jade Chambers,(236) 947-1823,accumsan.sed.facilisis@google.couk,Ap #573-7459 Purus Av.,Nissan,South Africa,361347,5,$78.14,TFO44HYD1HD,No,Yes,09/03/2022,No,google,Internacional,361347TFO44HYD1HD,
Paul Dillard,(309) 341-3556,felis.orci@icloud.couk,788-6844 Lectus St.,Volkswagen,Costa Rica,26240,1,$26.30,BYX92GHN6FD,No,Yes,06/30/2023,No,icloud,Internacional,26240BYX92GHN6FD,
Katell Booker,(584) 775-1477,cursus.nunc@aol.couk,2028 Integer St.,Renault,Singapore,2839,10,$30.02,DCS28FSC7DR,No,Yes,01/02/2022,No,aol,Internacional,2839DCS28FSC7DR,
Brittany Webster,1-493-206-5265,accumsan.neque.et@hotmail.edu,700-802 Lectus Ave,Volvo,France,221840,1,$99.64,YCW07VLP4PD,Yes,Yes,08/26/2023,Yes,hotmail,Internacional,221840YCW07VLP4PD,
Timothy Potter,1-277-931-4737,lorem.ipsum@outlook.org,727 Eros Ave,Ferrari,Peru,13107,7,$78.69,PTR43HMK5LH,No,No,02/20/2022,No,outlook,Internacional,13107PTR43HMK5LH,
Christine Mayer,(927) 997-1197,egestas.blandit@aol.net,529-6892 Lorem St.,BMW,Nigeria,30902,7,$99.79,HBS73GBX7XD,Yes,No,02/28/2023,Yes,aol,Internacional,30902HBS73GBX7XD,
Candace Kane,(343) 724-5242,nibh.phasellus.nulla@protonmail.couk,"P.O. Box 660, 6693 Nonummy. Av.",Renault,New Zealand,7229,3,$95.76,ZTD15TVT3KN,Yes,Yes,01/24/2023,Yes,protonmail,Internacional,7229ZTD15TVT3KN,
Scarlet Dillon,1-813-264-2225,pellentesque@yahoo.edu,Ap #940-2880 Cras St.,BMW,Pakistan,226428,6,$86.92,GDT70ESE0WZ,Yes,Yes,10/14/2022,Yes,yahoo,Internacional,226428GDT70ESE0WZ,
Simon Mendez,1-544-719-1123,odio.semper.cursus@protonmail.couk,576-5676 Purus Av.,Nissan,France,87828,6,$46.16,LRY91HAH4YO,Yes,No,07/31/2022,No,protonmail,Internacional,87828LRY91HAH4YO,
Drake Schmidt,(421) 646-5203,ipsum.curabitur@outlook.com,528-8339 Risus. Road,Honda,India,368364,4,$24.66,LTE59NNS4DD,Yes,No,04/16/2023,No,outlook,Internacional,368364LTE59NNS4DD,
Xena Murray,(274) 371-3696,nullam@hotmail.org,9600 Urna St.,Mercedes-Benz,Mexico,6410,8,$36.31,VIY25FHR0WZ,Yes,Yes,12/28/2021,No,hotmail,Internacional,6410VIY25FHR0WZ,
Delilah Allison,1-754-678-0297,nec.euismod@protonmail.ca,304-2833 Eu St.,Mercedes-Benz,Colombia,Y2B 3K1,5,$7.42,DMT73QYW3FM,No,Yes,11/27/2021,,,,,
Avram Peters,(433) 216-4876,et@hotmail.edu,406-3456 Vitae Av.,BMW,Canada,453744,9,$10.82,TGE70GEJ7GJ,Yes,No,11/10/2022,No,hotmail,Internacional,453744TGE70GEJ7GJ,
Orlando Schultz,1-904-532-7395,luctus.aliquet@protonmail.edu,6430 Vitae Ave,Ferrari,South Korea,17559,0,$45.18,EHW11YLK6JG,No,Yes,11/14/2022,No,protonmail,Internacional,17559EHW11YLK6JG,
Rebekah Vaughn,1-273-212-4854,metus@outlook.couk,Ap #495-4503 Cum Rd.,Volkswagen,Germany,3663,2,$66.93,WDE75QXZ3ML,No,Yes,09/29/2023,No,outlook,Internacional,3663WDE75QXZ3ML,
Phyllis Warren,(420) 258-3199,ipsum.dolor.sit@google.net,526-6006 Nunc Av.,BMW,South Korea,A0N 9B8,9,$88.78,QVI27XVX7YX,No,Yes,09/15/2023,,,,,
Tanisha Crosby,1-207-666-6254,enim.commodo.hendrerit@icloud.ca,"Ap #702-1333 Ullamcorper, Avenue",BMW,Australia,2163,3,$37.99,XVL87GWO2XO,Yes,Yes,09/09/2021,No,icloud,Internacional,2163XVL87GWO2XO,
Blake Graham,(134) 440-0497,ut.nec.urna@icloud.com,4074 Iaculis Ave,BMW,Poland,7242,5,$95.50,VKO58EPG5RW,No,No,09/18/2023,Yes,icloud,Internacional,7242VKO58EPG5RW,
Haviva Carrillo,(162) 254-4476,eu.neque@icloud.ca,Ap #244-903 Metus. Avenue,Honda,Peru,32575,7,$64.56,HHU38PKH3UW,No,No,10/02/2023,No,icloud,Internacional,32575HHU38PKH3UW,
Brenden Jenkins,(483) 733-1713,in.mi@icloud.net,Ap #309-9489 Curae St.,Renault,South Africa,61552,6,$71.04,KBH74VGD5GQ,Yes,No,01/20/2022,No,icloud,Internacional,61552KBH74VGD5GQ,
August Mays,1-352-822-6758,vel@yahoo.couk,289-3309 Ipsum Road,Mercedes-Benz,South Africa,11269,10,$65.99,ZKG41TCZ5FM,Yes,No,05/19/2022,No,yahoo,Internacional,11269ZKG41TCZ5FM,
Sean Dudley,1-392-805-1312,magnis.dis@protonmail.ca,Ap #113-9829 Donec Rd.,Mazda,Philippines,184971,2,$60.89,FEP51VBF6GL,No,No,09/23/2021,No,protonmail,Internacional,184971FEP51VBF6GL,
Keefe Brewer,(259) 537-6351,sed@hotmail.ca,"P.O. Box 337, 9548 Non St.",Ford,Norway,63L 1J7,7,$43.45,WDM23XUW1PK,No,Yes,11/05/2022,,,,,
Christine Atkinson,(768) 144-8761,malesuada.fames@aol.net,"892-429 Non, Rd.",Audi,Chile,33322,6,$65.49,HAW66VNL1HC,Yes,Yes,10/13/2021,No,aol,Internacional,33322HAW66VNL1HC,
Kasimir Wolf,(540) 310-1876,nunc.ullamcorper@aol.com,"395-9774 Ornare, Avenue",Ferrari,Canada,681678,2,$11.52,OZT90URU6GW,No,Yes,01/26/2022,No,aol,Internacional,681678OZT90URU6GW,
Yen Figueroa,1-524-347-4573,nunc.sed.orci@aol.com,Ap #254-6224 Sem Rd.,Mazda,France,6956,2,$1.89,HWS47YOI3QH,No,No,03/14/2022,No,aol,Internacional,6956HWS47YOI3QH,
Shaeleigh Yang,1-893-156-4630,semper@protonmail.net,261-7442 Laoreet St.,Nissan,Spain,380565,5,$19.98,AEH72EPC2FF,Yes,No,04/16/2023,No,protonmail,Internacional,380565AEH72EPC2FF,
Dean Lamb,(801) 428-7276,nullam.velit@icloud.net,"P.O. Box 404, 4413 Ut Street",Volvo,Spain,3482,8,$98.04,CXT48QEL2TV,Yes,No,06/07/2023,Yes,icloud,Internacional,3482CXT48QEL2TV,
Brock Mosley,(243) 512-1541,est.mauris@protonmail.edu,Ap #799-3520 Consequat Rd.,Nissan,Costa Rica,7542,3,$99.75,MWF86LIQ6HT,No,Yes,04/18/2022,Yes,protonmail,Internacional,7542MWF86LIQ6HT,
Reed Holloway,1-250-527-6123,a.purus@google.org,"178-6764 At, Ave",Mazda,China,940705,7,$79.10,SHT86UON4HH,No,Yes,07/12/2022,No,google,Internacional,940705SHT86UON4HH,
Tarik Maynard,(653) 284-7171,non.luctus@hotmail.edu,186-9618 Maecenas Avenue,Audi,Italy,716878,7,$87.95,XAR31GOR3JS,No,Yes,01/06/2023,Yes,hotmail,Internacional,716878XAR31GOR3JS,
Hannah Finley,(782) 782-6529,malesuada.augue.ut@icloud.org,"Ap #146-4247 In, Avenue",Mazda,New Zealand,78-77,4,$59.71,HTJ49DFE1EU,Yes,Yes,05/14/2023,,,,,
Kitra Sears,(406) 577-4546,aenean.eget@outlook.com,620-6916 Cubilia Rd.,Volvo,South Korea,21274,3,$72.00,YHO34EMT8VM,Yes,No,05/08/2023,No,outlook,Internacional,21274YHO34EMT8VM,
Regan Mason,1-508-528-7721,velit.pellentesque.ultricies@hotmail.ca,260-9388 In Ave,Volvo,Brazil,26928,1,$71.92,DDA72TWP2SD,Yes,No,09/04/2021,No,hotmail,Internacional,26928DDA72TWP2SD,
Leo Fischer,(486) 321-2655,nisi.cum@google.ca,Ap #684-7825 Elit. Street,BMW,Germany,25227,5,$29.80,PYI85NWU2ZC,Yes,No,07/19/2022,No,google,Internacional,25227PYI85NWU2ZC,
Shelley Porter,1-951-392-2285,risus.at.fringilla@icloud.edu,Ap #508-9960 Cras Street,Audi,United States,125787,5,$27.41,TLG18TON7OU,No,Yes,09/01/2023,No,icloud,Local,125787TLG18TON7OU,
